workload,variant,n,ops,rep,inner,ns_total,ns_per_op,checksum
random_mixed,quickfind,1024,2048,0,16,4397600,134.204,13450996093841474956
random_mixed,quickfind,1024,2048,1,16,4420300,134.897,13450996093841474956
random_mixed,quickfind,1024,2048,2,16,4471900,136.472,13450996093841474956
random_mixed,quickfind,1024,2048,3,16,4409900,134.579,13450996093841474956
random_mixed,quickfind,1024,2048,4,16,4390400,133.984,13450996093841474956
random_mixed,quickfind,1024,2048,5,16,4424900,135.037,13450996093841474956
random_mixed,quickfind,1024,2048,6,16,4378900,133.633,13450996093841474956
random_mixed,naive_none,1024,2048,0,79,2606700,16.1114,13450996093841474956
random_mixed,naive_none,1024,2048,1,79,2217300,13.7046,13450996093841474956
random_mixed,naive_none,1024,2048,2,79,2206400,13.6373,13450996093841474956
random_mixed,naive_none,1024,2048,3,79,2358400,14.5767,13450996093841474956
random_mixed,naive_none,1024,2048,4,79,2261800,13.9797,13450996093841474956
random_mixed,naive_none,1024,2048,5,79,2256600,13.9475,13450996093841474956
random_mixed,naive_none,1024,2048,6,79,2147500,13.2732,13450996093841474956
random_mixed,naive_compress,1024,2048,0,210,1138300,2.64672,13450996093841474956
random_mixed,naive_compress,1024,2048,1,210,1116200,2.59533,13450996093841474956
random_mixed,naive_compress,1024,2048,2,210,1110300,2.58161,13450996093841474956
random_mixed,naive_compress,1024,2048,3,210,1094900,2.54581,13450996093841474956
random_mixed,naive_compress,1024,2048,4,210,1086700,2.52674,13450996093841474956
random_mixed,naive_compress,1024,2048,5,210,1085400,2.52372,13450996093841474956
random_mixed,naive_compress,1024,2048,6,210,1108200,2.57673,13450996093841474956
random_mixed,naive_halve,1024,2048,0,240,1490600,3.03263,13450996093841474956
random_mixed,naive_halve,1024,2048,1,240,1420900,2.89083,13450996093841474956
random_mixed,naive_halve,1024,2048,2,240,1427200,2.90365,13450996093841474956
random_mixed,naive_halve,1024,2048,3,240,1429100,2.90751,13450996093841474956
random_mixed,naive_halve,1024,2048,4,240,1415800,2.88045,13450996093841474956
random_mixed,naive_halve,1024,2048,5,240,1406100,2.86072,13450996093841474956
random_mixed,naive_halve,1024,2048,6,240,1398800,2.84587,13450996093841474956
random_mixed,rank_none,1024,2048,0,224,895000,1.95095,13450996093841474956
random_mixed,rank_none,1024,2048,1,224,896900,1.95509,13450996093841474956
random_mixed,rank_none,1024,2048,2,224,890200,1.94048,13450996093841474956
random_mixed,rank_none,1024,2048,3,224,893500,1.94768,13450996093841474956
random_mixed,rank_none,1024,2048,4,224,904300,1.97122,13450996093841474956
random_mixed,rank_none,1024,2048,5,224,896500,1.95421,13450996093841474956
random_mixed,rank_none,1024,2048,6,224,890100,1.94026,13450996093841474956
random_mixed,rank_compress,1024,2048,0,271,1401800,2.52573,13450996093841474956
random_mixed,rank_compress,1024,2048,1,271,1383000,2.49186,13450996093841474956
random_mixed,rank_compress,1024,2048,2,271,1387800,2.5005,13450996093841474956
random_mixed,rank_compress,1024,2048,3,271,1392300,2.50861,13450996093841474956
random_mixed,rank_compress,1024,2048,4,271,1403200,2.52825,13450996093841474956
random_mixed,rank_compress,1024,2048,5,271,1380300,2.48699,13450996093841474956
random_mixed,rank_compress,1024,2048,6,271,1393400,2.51059,13450996093841474956
random_mixed,rank_halve,1024,2048,0,139,515600,1.81121,13450996093841474956
random_mixed,rank_halve,1024,2048,1,139,505100,1.77432,13450996093841474956
random_mixed,rank_halve,1024,2048,2,139,503600,1.76905,13450996093841474956
random_mixed,rank_halve,1024,2048,3,139,509800,1.79083,13450996093841474956
random_mixed,rank_halve,1024,2048,4,139,502300,1.76449,13450996093841474956
random_mixed,rank_halve,1024,2048,5,139,522800,1.8365,13450996093841474956
random_mixed,rank_halve,1024,2048,6,139,524300,1.84177,13450996093841474956
random_mixed,size_none,1024,2048,0,256,1062300,2.02618,13450996093841474956
random_mixed,size_none,1024,2048,1,256,1052400,2.00729,13450996093841474956
random_mixed,size_none,1024,2048,2,256,1040900,1.98536,13450996093841474956
random_mixed,size_none,1024,2048,3,256,1042900,1.98917,13450996093841474956
random_mixed,size_none,1024,2048,4,256,1075600,2.05154,13450996093841474956
random_mixed,size_none,1024,2048,5,256,1040100,1.98383,13450996093841474956
random_mixed,size_none,1024,2048,6,256,1045200,1.99356,13450996093841474956
random_mixed,size_compress,1024,2048,0,296,1317800,2.17384,13450996093841474956
random_mixed,size_compress,1024,2048,1,296,1288900,2.12617,13450996093841474956
random_mixed,size_compress,1024,2048,2,296,1286200,2.12171,13450996093841474956
random_mixed,size_compress,1024,2048,3,296,1284200,2.11841,13450996093841474956
random_mixed,size_compress,1024,2048,4,296,1327900,2.1905,13450996093841474956
random_mixed,size_compress,1024,2048,5,296,1323700,2.18357,13450996093841474956
random_mixed,size_compress,1024,2048,6,296,1362500,2.24758,13450996093841474956
random_mixed,size_halve,1024,2048,0,400,1459400,1.78149,13450996093841474956
random_mixed,size_halve,1024,2048,1,400,1439000,1.75659,13450996093841474956
random_mixed,size_halve,1024,2048,2,400,1465300,1.7887,13450996093841474956
random_mixed,size_halve,1024,2048,3,400,1464500,1.78772,13450996093841474956
random_mixed,size_halve,1024,2048,4,400,1467000,1.79077,13450996093841474956
random_mixed,size_halve,1024,2048,5,400,1445100,1.76404,13450996093841474956
random_mixed,size_halve,1024,2048,6,400,1469300,1.79358,13450996093841474956
random_mixed,quickfind,2048,4096,0,5,5365700,261.997,10817281417314817745
random_mixed,quickfind,2048,4096,1,5,5241100,255.913,10817281417314817745
random_mixed,quickfind,2048,4096,2,5,5147900,251.362,10817281417314817745
random_mixed,quickfind,2048,4096,3,5,5174200,252.646,10817281417314817745
random_mixed,quickfind,2048,4096,4,5,5189700,253.403,10817281417314817745
random_mixed,quickfind,2048,4096,5,5,5097000,248.877,10817281417314817745
random_mixed,quickfind,2048,4096,6,5,5218500,254.81,10817281417314817745
random_mixed,naive_none,2048,4096,0,20,4608000,56.25,10817281417314817745
random_mixed,naive_none,2048,4096,1,20,4444200,54.2505,10817281417314817745
random_mixed,naive_none,2048,4096,2,20,4429400,54.0698,10817281417314817745
random_mixed,naive_none,2048,4096,3,20,4380200,53.4692,10817281417314817745
random_mixed,naive_none,2048,4096,4,20,4401500,53.7292,10817281417314817745
random_mixed,naive_none,2048,4096,5,20,4408300,53.8123,10817281417314817745
random_mixed,naive_none,2048,4096,6,20,4416400,53.9111,10817281417314817745
random_mixed,naive_compress,2048,4096,0,105,2453500,5.70475,10817281417314817745
random_mixed,naive_compress,2048,4096,1,105,2370000,5.5106,10817281417314817745
random_mixed,naive_compress,2048,4096,2,105,2369100,5.50851,10817281417314817745
random_mixed,naive_compress,2048,4096,3,105,2439000,5.67104,10817281417314817745
random_mixed,naive_compress,2048,4096,4,105,2370800,5.51246,10817281417314817745
random_mixed,naive_compress,2048,4096,5,105,2388200,5.55292,10817281417314817745
random_mixed,naive_compress,2048,4096,6,105,2368800,5.50781,10817281417314817745
random_mixed,naive_halve,2048,4096,0,116,1782000,3.75051,10817281417314817745
random_mixed,naive_halve,2048,4096,1,116,1642500,3.4569,10817281417314817745
random_mixed,naive_halve,2048,4096,2,116,1599500,3.3664,10817281417314817745
random_mixed,naive_halve,2048,4096,3,116,1561500,3.28643,10817281417314817745
random_mixed,naive_halve,2048,4096,4,116,1586100,3.3382,10817281417314817745
random_mixed,naive_halve,2048,4096,5,116,1560500,3.28432,10817281417314817745
random_mixed,naive_halve,2048,4096,6,116,1584800,3.33547,10817281417314817745
random_mixed,rank_none,2048,4096,0,103,1000700,2.37196,10817281417314817745
random_mixed,rank_none,2048,4096,1,103,853100,2.0221,10817281417314817745
random_mixed,rank_none,2048,4096,2,103,855900,2.02874,10817281417314817745
random_mixed,rank_none,2048,4096,3,103,850500,2.01594,10817281417314817745
random_mixed,rank_none,2048,4096,4,103,856700,2.03063,10817281417314817745
random_mixed,rank_none,2048,4096,5,103,867300,2.05576,10817281417314817745
random_mixed,rank_none,2048,4096,6,103,861000,2.04083,10817281417314817745
random_mixed,rank_compress,2048,4096,0,62,724900,2.85448,10817281417314817745
random_mixed,rank_compress,2048,4096,1,62,638800,2.51544,10817281417314817745
random_mixed,rank_compress,2048,4096,2,62,644600,2.53827,10817281417314817745
random_mixed,rank_compress,2048,4096,3,62,646700,2.54654,10817281417314817745
random_mixed,rank_compress,2048,4096,4,62,628700,2.47566,10817281417314817745
random_mixed,rank_compress,2048,4096,5,62,627600,2.47133,10817281417314817745
random_mixed,rank_compress,2048,4096,6,62,629800,2.48,10817281417314817745
random_mixed,rank_halve,2048,4096,0,189,1397200,1.80483,10817281417314817745
random_mixed,rank_halve,2048,4096,1,189,1355100,1.75045,10817281417314817745
random_mixed,rank_halve,2048,4096,2,189,1355400,1.75084,10817281417314817745
random_mixed,rank_halve,2048,4096,3,189,1355100,1.75045,10817281417314817745
random_mixed,rank_halve,2048,4096,4,189,1352800,1.74748,10817281417314817745
random_mixed,rank_halve,2048,4096,5,189,1354400,1.74955,10817281417314817745
random_mixed,rank_halve,2048,4096,6,189,1373000,1.77357,10817281417314817745
random_mixed,size_none,2048,4096,0,71,822300,2.82756,10817281417314817745
random_mixed,size_none,2048,4096,1,71,669200,2.30111,10817281417314817745
random_mixed,size_none,2048,4096,2,71,611600,2.10305,10817281417314817745
random_mixed,size_none,2048,4096,3,71,586800,2.01777,10817281417314817745
random_mixed,size_none,2048,4096,4,71,583400,2.00608,10817281417314817745
random_mixed,size_none,2048,4096,5,71,585500,2.0133,10817281417314817745
random_mixed,size_none,2048,4096,6,71,582500,2.00298,10817281417314817745
random_mixed,size_compress,2048,4096,0,163,1549400,2.32068,10817281417314817745
random_mixed,size_compress,2048,4096,1,163,1411300,2.11384,10817281417314817745
random_mixed,size_compress,2048,4096,2,163,1383100,2.0716,10817281417314817745
random_mixed,size_compress,2048,4096,3,163,1378200,2.06426,10817281417314817745
random_mixed,size_compress,2048,4096,4,163,1376000,2.06097,10817281417314817745
random_mixed,size_compress,2048,4096,5,163,1378000,2.06396,10817281417314817745
random_mixed,size_compress,2048,4096,6,163,1382300,2.0704,10817281417314817745
random_mixed,size_halve,2048,4096,0,202,1459400,1.76386,10817281417314817745
random_mixed,size_halve,2048,4096,1,202,1419400,1.71551,10817281417314817745
random_mixed,size_halve,2048,4096,2,202,1393000,1.6836,10817281417314817745
random_mixed,size_halve,2048,4096,3,202,1389200,1.67901,10817281417314817745
random_mixed,size_halve,2048,4096,4,202,1385400,1.67442,10817281417314817745
random_mixed,size_halve,2048,4096,5,202,1390400,1.68046,10817281417314817745
random_mixed,size_halve,2048,4096,6,202,1386200,1.67538,10817281417314817745
random_mixed,quickfind,4096,8192,0,2,8252000,503.662,15410502675086993016
random_mixed,quickfind,4096,8192,1,2,8023900,489.74,15410502675086993016
random_mixed,quickfind,4096,8192,2,2,8031400,490.198,15410502675086993016
random_mixed,quickfind,4096,8192,3,2,8070700,492.596,15410502675086993016
random_mixed,quickfind,4096,8192,4,2,8011900,489.008,15410502675086993016
random_mixed,quickfind,4096,8192,5,2,8034100,490.363,15410502675086993016
random_mixed,quickfind,4096,8192,6,2,7998100,488.165,15410502675086993016
random_mixed,naive_none,4096,8192,0,5,4805800,117.329,15410502675086993016
random_mixed,naive_none,4096,8192,1,5,4867700,118.84,15410502675086993016
random_mixed,naive_none,4096,8192,2,5,4750800,115.986,15410502675086993016
random_mixed,naive_none,4096,8192,3,5,4740900,115.745,15410502675086993016
random_mixed,naive_none,4096,8192,4,5,4735100,115.603,15410502675086993016
random_mixed,naive_none,4096,8192,5,5,4736100,115.627,15410502675086993016
random_mixed,naive_none,4096,8192,6,5,4741400,115.757,15410502675086993016
random_mixed,naive_compress,4096,8192,0,48,3924700,9.98103,15410502675086993016
random_mixed,naive_compress,4096,8192,1,48,3303300,8.40073,15410502675086993016
random_mixed,naive_compress,4096,8192,2,48,3361700,8.54925,15410502675086993016
random_mixed,naive_compress,4096,8192,3,48,3347500,8.51313,15410502675086993016
random_mixed,naive_compress,4096,8192,4,48,3397500,8.64029,15410502675086993016
random_mixed,naive_compress,4096,8192,5,48,3317100,8.43582,15410502675086993016
random_mixed,naive_compress,4096,8192,6,48,3356100,8.535,15410502675086993016
random_mixed,naive_halve,4096,8192,0,56,3438800,7.49599,15410502675086993016
random_mixed,naive_halve,4096,8192,1,56,2962200,6.45708,15410502675086993016
random_mixed,naive_halve,4096,8192,2,56,2960900,6.45425,15410502675086993016
random_mixed,naive_halve,4096,8192,3,56,3118300,6.79735,15410502675086993016
random_mixed,naive_halve,4096,8192,4,56,3059900,6.67005,15410502675086993016
random_mixed,naive_halve,4096,8192,5,56,3014900,6.57196,15410502675086993016
random_mixed,naive_halve,4096,8192,6,56,2949400,6.42918,15410502675086993016
random_mixed,rank_none,4096,8192,0,57,3233800,6.92546,15410502675086993016
random_mixed,rank_none,4096,8192,1,57,3039700,6.50977,15410502675086993016
random_mixed,rank_none,4096,8192,2,57,3040200,6.51084,15410502675086993016
random_mixed,rank_none,4096,8192,3,57,2899600,6.20974,15410502675086993016
random_mixed,rank_none,4096,8192,4,57,2867000,6.13992,15410502675086993016
random_mixed,rank_none,4096,8192,5,57,2938200,6.2924,15410502675086993016
random_mixed,rank_none,4096,8192,6,57,3054100,6.54061,15410502675086993016
random_mixed,rank_compress,4096,8192,0,76,2934300,4.71304,15410502675086993016
random_mixed,rank_compress,4096,8192,1,76,2758800,4.43115,15410502675086993016
random_mixed,rank_compress,4096,8192,2,76,2745400,4.40963,15410502675086993016
random_mixed,rank_compress,4096,8192,3,76,2646900,4.25142,15410502675086993016
random_mixed,rank_compress,4096,8192,4,76,2761500,4.43549,15410502675086993016
random_mixed,rank_compress,4096,8192,5,76,2729300,4.38377,15410502675086993016
random_mixed,rank_compress,4096,8192,6,76,2778900,4.46344,15410502675086993016
random_mixed,rank_halve,4096,8192,0,97,2558800,3.22014,15410502675086993016
random_mixed,rank_halve,4096,8192,1,97,2400600,3.02105,15410502675086993016
random_mixed,rank_halve,4096,8192,2,97,2400900,3.02143,15410502675086993016
random_mixed,rank_halve,4096,8192,3,97,2476100,3.11606,15410502675086993016
random_mixed,rank_halve,4096,8192,4,97,2375200,2.98909,15410502675086993016
random_mixed,rank_halve,4096,8192,5,97,2296900,2.89055,15410502675086993016
random_mixed,rank_halve,4096,8192,6,97,2443500,3.07504,15410502675086993016
random_mixed,size_none,4096,8192,0,64,3311800,6.31676,15410502675086993016
random_mixed,size_none,4096,8192,1,64,3190400,6.08521,15410502675086993016
random_mixed,size_none,4096,8192,2,64,3006500,5.73444,15410502675086993016
random_mixed,size_none,4096,8192,3,64,3006900,5.73521,15410502675086993016
random_mixed,size_none,4096,8192,4,64,3202600,6.10847,15410502675086993016
random_mixed,size_none,4096,8192,5,64,3108300,5.92861,15410502675086993016
random_mixed,size_none,4096,8192,6,64,3194400,6.09283,15410502675086993016
random_mixed,size_compress,4096,8192,0,86,3098900,4.39865,15410502675086993016
random_mixed,size_compress,4096,8192,1,86,3042500,4.31859,15410502675086993016
random_mixed,size_compress,4096,8192,2,86,3004000,4.26394,15410502675086993016
random_mixed,size_compress,4096,8192,3,86,2976400,4.22477,15410502675086993016
random_mixed,size_compress,4096,8192,4,86,2981200,4.23158,15410502675086993016
random_mixed,size_compress,4096,8192,5,86,2954200,4.19326,15410502675086993016
random_mixed,size_compress,4096,8192,6,86,2993700,4.24932,15410502675086993016
random_mixed,size_halve,4096,8192,0,106,1708400,1.9674,15410502675086993016
random_mixed,size_halve,4096,8192,1,106,1477000,1.70092,15410502675086993016
random_mixed,size_halve,4096,8192,2,106,1460500,1.68192,15410502675086993016
random_mixed,size_halve,4096,8192,3,106,1453700,1.67409,15410502675086993016
random_mixed,size_halve,4096,8192,4,106,1436600,1.6544,15410502675086993016
random_mixed,size_halve,4096,8192,5,106,1435900,1.65359,15410502675086993016
random_mixed,size_halve,4096,8192,6,106,1457400,1.67835,15410502675086993016
random_mixed,quickfind,8192,16384,0,1,18704300,1141.62,2871892735043869553
random_mixed,quickfind,8192,16384,1,1,18633000,1137.27,2871892735043869553
random_mixed,quickfind,8192,16384,2,1,18567600,1133.28,2871892735043869553
random_mixed,quickfind,8192,16384,3,1,18771400,1145.72,2871892735043869553
random_mixed,quickfind,8192,16384,4,1,18718100,1142.46,2871892735043869553
random_mixed,quickfind,8192,16384,5,1,18823300,1148.88,2871892735043869553
random_mixed,quickfind,8192,16384,6,1,18573500,1133.64,2871892735043869553
random_mixed,naive_none,8192,16384,0,2,7467300,227.884,2871892735043869553
random_mixed,naive_none,8192,16384,1,2,7458000,227.6,2871892735043869553
random_mixed,naive_none,8192,16384,2,2,7511500,229.233,2871892735043869553
random_mixed,naive_none,8192,16384,3,2,7440700,227.072,2871892735043869553
random_mixed,naive_none,8192,16384,4,2,7463200,227.759,2871892735043869553
random_mixed,naive_none,8192,16384,5,2,7430700,226.767,2871892735043869553
random_mixed,naive_none,8192,16384,6,2,7770500,237.137,2871892735043869553
random_mixed,naive_compress,8192,16384,0,25,4275800,10.439,2871892735043869553
random_mixed,naive_compress,8192,16384,1,25,4216800,10.2949,2871892735043869553
random_mixed,naive_compress,8192,16384,2,25,4168400,10.1768,2871892735043869553
random_mixed,naive_compress,8192,16384,3,25,4132200,10.0884,2871892735043869553
random_mixed,naive_compress,8192,16384,4,25,4139900,10.1072,2871892735043869553
random_mixed,naive_compress,8192,16384,5,25,4144400,10.1182,2871892735043869553
random_mixed,naive_compress,8192,16384,6,25,4231900,10.3318,2871892735043869553
random_mixed,naive_halve,8192,16384,0,25,4083800,9.97021,2871892735043869553
random_mixed,naive_halve,8192,16384,1,25,3882500,9.47876,2871892735043869553
random_mixed,naive_halve,8192,16384,2,25,3891000,9.49951,2871892735043869553
random_mixed,naive_halve,8192,16384,3,25,3986300,9.73218,2871892735043869553
random_mixed,naive_halve,8192,16384,4,25,3853300,9.40747,2871892735043869553
random_mixed,naive_halve,8192,16384,5,25,3930100,9.59497,2871892735043869553
random_mixed,naive_halve,8192,16384,6,25,3879600,9.47168,2871892735043869553
random_mixed,rank_none,8192,16384,0,28,4806900,10.4782,2871892735043869553
random_mixed,rank_none,8192,16384,1,28,4664900,10.1687,2871892735043869553
random_mixed,rank_none,8192,16384,2,28,4489000,9.78524,2871892735043869553
random_mixed,rank_none,8192,16384,3,28,4488700,9.78459,2871892735043869553
random_mixed,rank_none,8192,16384,4,28,4432600,9.6623,2871892735043869553
random_mixed,rank_none,8192,16384,5,28,4495100,9.79854,2871892735043869553
random_mixed,rank_none,8192,16384,6,28,4429200,9.65489,2871892735043869553
random_mixed,rank_compress,8192,16384,0,37,4456600,7.3516,2871892735043869553
random_mixed,rank_compress,8192,16384,1,37,4302700,7.09773,2871892735043869553
random_mixed,rank_compress,8192,16384,2,37,4158200,6.85936,2871892735043869553
random_mixed,rank_compress,8192,16384,3,37,4161400,6.86464,2871892735043869553
random_mixed,rank_compress,8192,16384,4,37,4106100,6.77342,2871892735043869553
random_mixed,rank_compress,8192,16384,5,37,4081500,6.73284,2871892735043869553
random_mixed,rank_compress,8192,16384,6,37,4069700,6.71337,2871892735043869553
random_mixed,rank_halve,8192,16384,0,47,4110300,5.33772,2871892735043869553
random_mixed,rank_halve,8192,16384,1,47,3744000,4.86203,2871892735043869553
random_mixed,rank_halve,8192,16384,2,47,3623700,4.70581,2871892735043869553
random_mixed,rank_halve,8192,16384,3,47,3609300,4.68711,2871892735043869553
random_mixed,rank_halve,8192,16384,4,47,3705500,4.81204,2871892735043869553
random_mixed,rank_halve,8192,16384,5,47,3635500,4.72113,2871892735043869553
random_mixed,rank_halve,8192,16384,6,47,3611800,4.69036,2871892735043869553
random_mixed,size_none,8192,16384,0,31,4435300,8.73256,2871892735043869553
random_mixed,size_none,8192,16384,1,31,4422900,8.70814,2871892735043869553
random_mixed,size_none,8192,16384,2,31,4310500,8.48684,2871892735043869553
random_mixed,size_none,8192,16384,3,31,4265800,8.39883,2871892735043869553
random_mixed,size_none,8192,16384,4,31,4279900,8.42659,2871892735043869553
random_mixed,size_none,8192,16384,5,31,4211400,8.29172,2871892735043869553
random_mixed,size_none,8192,16384,6,31,4298700,8.46361,2871892735043869553
random_mixed,size_compress,8192,16384,0,43,4412000,6.26249,2871892735043869553
random_mixed,size_compress,8192,16384,1,43,4220900,5.99124,2871892735043869553
random_mixed,size_compress,8192,16384,2,43,4318200,6.12935,2871892735043869553
random_mixed,size_compress,8192,16384,3,43,4144700,5.88308,2871892735043869553
random_mixed,size_compress,8192,16384,4,43,4137600,5.873,2871892735043869553
random_mixed,size_compress,8192,16384,5,43,4239100,6.01707,2871892735043869553
random_mixed,size_compress,8192,16384,6,43,4267900,6.05795,2871892735043869553
random_mixed,size_halve,8192,16384,0,53,4108900,4.73184,2871892735043869553
random_mixed,size_halve,8192,16384,1,53,3944100,4.54205,2871892735043869553
random_mixed,size_halve,8192,16384,2,53,3900000,4.49127,2871892735043869553
random_mixed,size_halve,8192,16384,3,53,3868700,4.45522,2871892735043869553
random_mixed,size_halve,8192,16384,4,53,3847400,4.43069,2871892735043869553
random_mixed,size_halve,8192,16384,5,53,3799100,4.37507,2871892735043869553
random_mixed,size_halve,8192,16384,6,53,3670000,4.2264,2871892735043869553
random_mixed,quickfind,16384,32768,0,1,90596200,2764.78,15108147812873449868
random_mixed,quickfind,16384,32768,1,1,89958300,2745.31,15108147812873449868
random_mixed,quickfind,16384,32768,2,1,89165200,2721.11,15108147812873449868
random_mixed,quickfind,16384,32768,3,1,90750600,2769.49,15108147812873449868
random_mixed,quickfind,16384,32768,4,1,89758100,2739.2,15108147812873449868
random_mixed,quickfind,16384,32768,5,1,89564700,2733.3,15108147812873449868
random_mixed,quickfind,16384,32768,6,1,90690800,2767.66,15108147812873449868
random_mixed,naive_none,16384,32768,0,1,15409200,470.251,15108147812873449868
random_mixed,naive_none,16384,32768,1,1,15331900,467.892,15108147812873449868
random_mixed,naive_none,16384,32768,2,1,15345800,468.317,15108147812873449868
random_mixed,naive_none,16384,32768,3,1,15292200,466.681,15108147812873449868
random_mixed,naive_none,16384,32768,4,1,15240200,465.094,15108147812873449868
random_mixed,naive_none,16384,32768,5,1,15276600,466.205,15108147812873449868
random_mixed,naive_none,16384,32768,6,1,15246700,465.292,15108147812873449868
random_mixed,naive_compress,16384,32768,0,12,4660000,11.851,15108147812873449868
random_mixed,naive_compress,16384,32768,1,12,4662300,11.8568,15108147812873449868
random_mixed,naive_compress,16384,32768,2,12,4660000,11.851,15108147812873449868
random_mixed,naive_compress,16384,32768,3,12,4575700,11.6366,15108147812873449868
random_mixed,naive_compress,16384,32768,4,12,4515200,11.4827,15108147812873449868
random_mixed,naive_compress,16384,32768,5,12,4611300,11.7271,15108147812873449868
random_mixed,naive_compress,16384,32768,6,12,4569700,11.6213,15108147812873449868
random_mixed,naive_halve,16384,32768,0,12,4845700,12.3233,15108147812873449868
random_mixed,naive_halve,16384,32768,1,12,4323100,10.9942,15108147812873449868
random_mixed,naive_halve,16384,32768,2,12,4418700,11.2373,15108147812873449868
random_mixed,naive_halve,16384,32768,3,12,4343900,11.0471,15108147812873449868
random_mixed,naive_halve,16384,32768,4,12,4278200,10.88,15108147812873449868
random_mixed,naive_halve,16384,32768,5,12,4316600,10.9777,15108147812873449868
random_mixed,naive_halve,16384,32768,6,12,4454300,11.3279,15108147812873449868
random_mixed,rank_none,16384,32768,0,13,4878500,11.4523,15108147812873449868
random_mixed,rank_none,16384,32768,1,13,4704300,11.0434,15108147812873449868
random_mixed,rank_none,16384,32768,2,13,4624100,10.8551,15108147812873449868
random_mixed,rank_none,16384,32768,3,13,4626300,10.8603,15108147812873449868
random_mixed,rank_none,16384,32768,4,13,4621300,10.8485,15108147812873449868
random_mixed,rank_none,16384,32768,5,13,4587800,10.7699,15108147812873449868
random_mixed,rank_none,16384,32768,6,13,4584100,10.7612,15108147812873449868
random_mixed,rank_compress,16384,32768,0,18,4813900,8.16159,15108147812873449868
random_mixed,rank_compress,16384,32768,1,18,4783400,8.10988,15108147812873449868
random_mixed,rank_compress,16384,32768,2,18,4760100,8.07037,15108147812873449868
random_mixed,rank_compress,16384,32768,3,18,4802200,8.14175,15108147812873449868
random_mixed,rank_compress,16384,32768,4,18,4767600,8.08309,15108147812873449868
random_mixed,rank_compress,16384,32768,5,18,4876700,8.26806,15108147812873449868
random_mixed,rank_compress,16384,32768,6,18,4769000,8.08546,15108147812873449868
random_mixed,rank_halve,16384,32768,0,22,4682900,6.49594,15108147812873449868
random_mixed,rank_halve,16384,32768,1,22,4544100,6.30341,15108147812873449868
random_mixed,rank_halve,16384,32768,2,22,4524700,6.27649,15108147812873449868
random_mixed,rank_halve,16384,32768,3,22,4560000,6.32546,15108147812873449868
random_mixed,rank_halve,16384,32768,4,22,4489700,6.22794,15108147812873449868
random_mixed,rank_halve,16384,32768,5,22,4463900,6.19216,15108147812873449868
random_mixed,rank_halve,16384,32768,6,22,4503900,6.24764,15108147812873449868
random_mixed,size_none,16384,32768,0,15,4988400,10.1489,15108147812873449868
random_mixed,size_none,16384,32768,1,15,4883100,9.93469,15108147812873449868
random_mixed,size_none,16384,32768,2,15,4857800,9.88322,15108147812873449868
random_mixed,size_none,16384,32768,3,15,4828400,9.8234,15108147812873449868
random_mixed,size_none,16384,32768,4,15,4842600,9.85229,15108147812873449868
random_mixed,size_none,16384,32768,5,15,4822700,9.81181,15108147812873449868
random_mixed,size_none,16384,32768,6,15,4808400,9.78271,15108147812873449868
random_mixed,size_compress,16384,32768,0,20,4929600,7.52197,15108147812873449868
random_mixed,size_compress,16384,32768,1,20,4708000,7.18384,15108147812873449868
random_mixed,size_compress,16384,32768,2,20,4648500,7.09305,15108147812873449868
random_mixed,size_compress,16384,32768,3,20,4818500,7.35245,15108147812873449868
random_mixed,size_compress,16384,32768,4,20,4654800,7.10266,15108147812873449868
random_mixed,size_compress,16384,32768,5,20,4745700,7.24136,15108147812873449868
random_mixed,size_compress,16384,32768,6,20,4681200,7.14294,15108147812873449868
random_mixed,size_halve,16384,32768,0,25,4801800,5.86157,15108147812873449868
random_mixed,size_halve,16384,32768,1,25,4801800,5.86157,15108147812873449868
random_mixed,size_halve,16384,32768,2,25,4719200,5.76074,15108147812873449868
random_mixed,size_halve,16384,32768,3,25,4743100,5.78992,15108147812873449868
random_mixed,size_halve,16384,32768,4,25,4732700,5.77722,15108147812873449868
random_mixed,size_halve,16384,32768,5,25,4728300,5.77185,15108147812873449868
random_mixed,size_halve,16384,32768,6,25,4681100,5.71423,15108147812873449868
random_mixed,quickfind,32768,65536,0,1,385985000,5889.66,16831409968426037970
random_mixed,quickfind,32768,65536,1,1,391274100,5970.37,16831409968426037970
random_mixed,quickfind,32768,65536,2,1,388913300,5934.35,16831409968426037970
random_mixed,quickfind,32768,65536,3,1,391786800,5978.19,16831409968426037970
random_mixed,quickfind,32768,65536,4,1,393374100,6002.41,16831409968426037970
random_mixed,quickfind,32768,65536,5,1,383495100,5851.67,16831409968426037970
random_mixed,quickfind,32768,65536,6,1,389670600,5945.9,16831409968426037970
random_mixed,naive_none,32768,65536,0,1,115364400,1760.32,16831409968426037970
random_mixed,naive_none,32768,65536,1,1,113589900,1733.24,16831409968426037970
random_mixed,naive_none,32768,65536,2,1,113785700,1736.23,16831409968426037970
random_mixed,naive_none,32768,65536,3,1,114054400,1740.33,16831409968426037970
random_mixed,naive_none,32768,65536,4,1,113692200,1734.81,16831409968426037970
random_mixed,naive_none,32768,65536,5,1,113919900,1738.28,16831409968426037970
random_mixed,naive_none,32768,65536,6,1,113725800,1735.32,16831409968426037970
random_mixed,naive_compress,32768,65536,0,6,5010100,12.7413,16831409968426037970
random_mixed,naive_compress,32768,65536,1,6,4951000,12.591,16831409968426037970
random_mixed,naive_compress,32768,65536,2,6,5134500,13.0577,16831409968426037970
random_mixed,naive_compress,32768,65536,3,6,5211600,13.2538,16831409968426037970
random_mixed,naive_compress,32768,65536,4,6,5025300,12.78,16831409968426037970
random_mixed,naive_compress,32768,65536,5,6,5207800,13.2441,16831409968426037970
random_mixed,naive_compress,32768,65536,6,6,4998700,12.7124,16831409968426037970
random_mixed,naive_halve,32768,65536,0,6,4770300,12.1315,16831409968426037970
random_mixed,naive_halve,32768,65536,1,6,4742700,12.0613,16831409968426037970
random_mixed,naive_halve,32768,65536,2,6,4730200,12.0295,16831409968426037970
random_mixed,naive_halve,32768,65536,3,6,4708600,11.9746,16831409968426037970
random_mixed,naive_halve,32768,65536,4,6,4745200,12.0677,16831409968426037970
random_mixed,naive_halve,32768,65536,5,6,4732800,12.0361,16831409968426037970
random_mixed,naive_halve,32768,65536,6,6,4724300,12.0145,16831409968426037970
random_mixed,rank_none,32768,65536,0,6,4476000,11.3831,16831409968426037970
random_mixed,rank_none,32768,65536,1,6,4478200,11.3887,16831409968426037970
random_mixed,rank_none,32768,65536,2,6,4644000,11.8103,16831409968426037970
random_mixed,rank_none,32768,65536,3,6,4649500,11.8243,16831409968426037970
random_mixed,rank_none,32768,65536,4,6,4509200,11.4675,16831409968426037970
random_mixed,rank_none,32768,65536,5,6,4478200,11.3887,16831409968426037970
random_mixed,rank_none,32768,65536,6,6,4586800,11.6648,16831409968426037970
random_mixed,rank_compress,32768,65536,0,9,5007900,8.4905,16831409968426037970
random_mixed,rank_compress,32768,65536,1,9,5019900,8.51084,16831409968426037970
random_mixed,rank_compress,32768,65536,2,9,4972600,8.43065,16831409968426037970
random_mixed,rank_compress,32768,65536,3,9,4918600,8.3391,16831409968426037970
random_mixed,rank_compress,32768,65536,4,9,4971500,8.42879,16831409968426037970
random_mixed,rank_compress,32768,65536,5,9,4923600,8.34757,16831409968426037970
random_mixed,rank_compress,32768,65536,6,9,4905400,8.31672,16831409968426037970
random_mixed,rank_halve,32768,65536,0,11,5057100,7.01502,16831409968426037970
random_mixed,rank_halve,32768,65536,1,11,4862100,6.74452,16831409968426037970
random_mixed,rank_halve,32768,65536,2,11,4897000,6.79294,16831409968426037970
random_mixed,rank_halve,32768,65536,3,11,4847900,6.72483,16831409968426037970
random_mixed,rank_halve,32768,65536,4,11,4839800,6.71359,16831409968426037970
random_mixed,rank_halve,32768,65536,5,11,4864100,6.7473,16831409968426037970
random_mixed,rank_halve,32768,65536,6,11,4833000,6.70416,16831409968426037970
random_mixed,size_none,32768,65536,0,8,5412400,10.3233,16831409968426037970
random_mixed,size_none,32768,65536,1,8,5375000,10.252,16831409968426037970
random_mixed,size_none,32768,65536,2,8,5342600,10.1902,16831409968426037970
random_mixed,size_none,32768,65536,3,8,5384400,10.2699,16831409968426037970
random_mixed,size_none,32768,65536,4,8,5315100,10.1377,16831409968426037970
random_mixed,size_none,32768,65536,5,8,5368900,10.2404,16831409968426037970
random_mixed,size_none,32768,65536,6,8,5342300,10.1896,16831409968426037970
random_mixed,size_compress,32768,65536,0,10,4965200,7.57629,16831409968426037970
random_mixed,size_compress,32768,65536,1,10,5005300,7.63748,16831409968426037970
random_mixed,size_compress,32768,65536,2,10,4963500,7.5737,16831409968426037970
random_mixed,size_compress,32768,65536,3,10,4984100,7.60513,16831409968426037970
random_mixed,size_compress,32768,65536,4,10,4954200,7.55951,16831409968426037970
random_mixed,size_compress,32768,65536,5,10,4930100,7.52274,16831409968426037970
random_mixed,size_compress,32768,65536,6,10,4935900,7.53159,16831409968426037970
random_mixed,size_halve,32768,65536,0,12,4835000,6.14802,16831409968426037970
random_mixed,size_halve,32768,65536,1,12,4980100,6.33252,16831409968426037970
random_mixed,size_halve,32768,65536,2,12,4961900,6.30938,16831409968426037970
random_mixed,size_halve,32768,65536,3,12,4859600,6.1793,16831409968426037970
random_mixed,size_halve,32768,65536,4,12,4762600,6.05596,16831409968426037970
random_mixed,size_halve,32768,65536,5,12,4793100,6.09474,16831409968426037970
random_mixed,size_halve,32768,65536,6,12,4763800,6.05748,16831409968426037970
random_mixed,quickfind,65536,131072,0,1,1564055200,11932.8,1293486604441481732
random_mixed,quickfind,65536,131072,1,1,1548135000,11811.3,1293486604441481732
random_mixed,quickfind,65536,131072,2,1,1549867700,11824.6,1293486604441481732
random_mixed,quickfind,65536,131072,3,1,1539195200,11743.1,1293486604441481732
random_mixed,quickfind,65536,131072,4,1,1554311000,11858.5,1293486604441481732
random_mixed,quickfind,65536,131072,5,1,1555054500,11864.1,1293486604441481732
random_mixed,quickfind,65536,131072,6,1,1544032600,11780,1293486604441481732
random_mixed,naive_none,65536,131072,0,1,547657700,4178.3,1293486604441481732
random_mixed,naive_none,65536,131072,1,1,545952200,4165.28,1293486604441481732
random_mixed,naive_none,65536,131072,2,1,570304400,4351.08,1293486604441481732
random_mixed,naive_none,65536,131072,3,1,636701800,4857.65,1293486604441481732
random_mixed,naive_none,65536,131072,4,1,611682600,4666.77,1293486604441481732
random_mixed,naive_none,65536,131072,5,1,629974500,4806.32,1293486604441481732
random_mixed,naive_none,65536,131072,6,1,615639100,4696.95,1293486604441481732
random_mixed,naive_compress,65536,131072,0,3,7417400,18.8634,1293486604441481732
random_mixed,naive_compress,65536,131072,1,3,5541900,14.0938,1293486604441481732
random_mixed,naive_compress,65536,131072,2,3,5869500,14.9269,1293486604441481732
random_mixed,naive_compress,65536,131072,3,3,5419800,13.7833,1293486604441481732
random_mixed,naive_compress,65536,131072,4,3,7293400,18.5481,1293486604441481732
random_mixed,naive_compress,65536,131072,5,3,5845300,14.8654,1293486604441481732
random_mixed,naive_compress,65536,131072,6,3,5563200,14.1479,1293486604441481732
random_mixed,naive_halve,65536,131072,0,2,3420000,13.0463,1293486604441481732
random_mixed,naive_halve,65536,131072,1,2,3578400,13.6505,1293486604441481732
random_mixed,naive_halve,65536,131072,2,2,3489400,13.311,1293486604441481732
random_mixed,naive_halve,65536,131072,3,2,3609900,13.7707,1293486604441481732
random_mixed,naive_halve,65536,131072,4,2,3419500,13.0444,1293486604441481732
random_mixed,naive_halve,65536,131072,5,2,5227900,19.9429,1293486604441481732
random_mixed,naive_halve,65536,131072,6,2,3408300,13.0016,1293486604441481732
random_mixed,rank_none,65536,131072,0,3,5125000,13.0335,1293486604441481732
random_mixed,rank_none,65536,131072,1,3,4714000,11.9883,1293486604441481732
random_mixed,rank_none,65536,131072,2,3,6727700,17.1094,1293486604441481732
random_mixed,rank_none,65536,131072,3,3,4769100,12.1284,1293486604441481732
random_mixed,rank_none,65536,131072,4,3,4948900,12.5857,1293486604441481732
random_mixed,rank_none,65536,131072,5,3,4871000,12.3876,1293486604441481732
random_mixed,rank_none,65536,131072,6,3,8086300,20.5645,1293486604441481732
random_mixed,rank_compress,65536,131072,0,3,3481300,8.8534,1293486604441481732
random_mixed,rank_compress,65536,131072,1,3,3520100,8.95208,1293486604441481732
random_mixed,rank_compress,65536,131072,2,3,3612200,9.1863,1293486604441481732
random_mixed,rank_compress,65536,131072,3,3,5466000,13.9008,1293486604441481732
random_mixed,rank_compress,65536,131072,4,3,3560800,9.05558,1293486604441481732
random_mixed,rank_compress,65536,131072,5,3,3925000,9.98179,1293486604441481732
random_mixed,rank_compress,65536,131072,6,3,3479100,8.84781,1293486604441481732
random_mixed,rank_halve,65536,131072,0,5,6611600,10.0885,1293486604441481732
random_mixed,rank_halve,65536,131072,1,5,4723600,7.20764,1293486604441481732
random_mixed,rank_halve,65536,131072,2,5,5349100,8.16208,1293486604441481732
random_mixed,rank_halve,65536,131072,3,5,4914200,7.49847,1293486604441481732
random_mixed,rank_halve,65536,131072,4,5,4631600,7.06726,1293486604441481732
random_mixed,rank_halve,65536,131072,5,5,6780000,10.3455,1293486604441481732
random_mixed,rank_halve,65536,131072,6,5,5041400,7.69257,1293486604441481732
random_mixed,size_none,65536,131072,0,4,6023500,11.4889,1293486604441481732
random_mixed,size_none,65536,131072,1,4,7624500,14.5426,1293486604441481732
random_mixed,size_none,65536,131072,2,4,5962100,11.3718,1293486604441481732
random_mixed,size_none,65536,131072,3,4,6180700,11.7887,1293486604441481732
random_mixed,size_none,65536,131072,4,4,7576900,14.4518,1293486604441481732
random_mixed,size_none,65536,131072,5,4,5905900,11.2646,1293486604441481732
random_mixed,size_none,65536,131072,6,4,6097400,11.6299,1293486604441481732
random_mixed,size_compress,65536,131072,0,5,5359400,8.1778,1293486604441481732
random_mixed,size_compress,65536,131072,1,5,7090700,10.8195,1293486604441481732
random_mixed,size_compress,65536,131072,2,5,5600900,8.5463,1293486604441481732
random_mixed,size_compress,65536,131072,3,5,5330000,8.13293,1293486604441481732
random_mixed,size_compress,65536,131072,4,5,7111600,10.8514,1293486604441481732
random_mixed,size_compress,65536,131072,5,5,5519800,8.42255,1293486604441481732
random_mixed,size_compress,65536,131072,6,5,5285000,8.06427,1293486604441481732
random_mixed,size_halve,65536,131072,0,6,6938400,8.82263,1293486604441481732
random_mixed,size_halve,65536,131072,1,6,5329600,6.77694,1293486604441481732
random_mixed,size_halve,65536,131072,2,6,5463800,6.94758,1293486604441481732
random_mixed,size_halve,65536,131072,3,6,7013400,8.918,1293486604441481732
random_mixed,size_halve,65536,131072,4,6,5099100,6.48384,1293486604441481732
random_mixed,size_halve,65536,131072,5,6,4955100,6.30074,1293486604441481732
random_mixed,size_halve,65536,131072,6,6,5074600,6.45269,1293486604441481732
random_mixed,quickfind,131072,262144,0,1,6310937600,24074.3,14996548762552464563
random_mixed,quickfind,131072,262144,1,1,6337070400,24174,14996548762552464563
random_mixed,quickfind,131072,262144,2,1,6317334700,24098.7,14996548762552464563
random_mixed,quickfind,131072,262144,3,1,6295279300,24014.6,14996548762552464563
random_mixed,quickfind,131072,262144,4,1,6300099300,24033,14996548762552464563
random_mixed,quickfind,131072,262144,5,1,6379906500,24337.4,14996548762552464563
random_mixed,quickfind,131072,262144,6,1,6313425200,24083.8,14996548762552464563
random_mixed,naive_none,131072,262144,0,1,2763198300,10540.8,14996548762552464563
random_mixed,naive_none,131072,262144,1,1,2769512200,10564.9,14996548762552464563
random_mixed,naive_none,131072,262144,2,1,2771227300,10571.4,14996548762552464563
random_mixed,naive_none,131072,262144,3,1,2798408400,10675.1,14996548762552464563
random_mixed,naive_none,131072,262144,4,1,2853825600,10886.5,14996548762552464563
random_mixed,naive_none,131072,262144,5,1,2791657700,10649.3,14996548762552464563
random_mixed,naive_none,131072,262144,6,1,2801699000,10687.6,14996548762552464563
random_mixed,naive_compress,131072,262144,0,2,8423400,16.0664,14996548762552464563
random_mixed,naive_compress,131072,262144,1,2,9042500,17.2472,14996548762552464563
random_mixed,naive_compress,131072,262144,2,2,8959000,17.0879,14996548762552464563
random_mixed,naive_compress,131072,262144,3,2,8998100,17.1625,14996548762552464563
random_mixed,naive_compress,131072,262144,4,2,10983000,20.9484,14996548762552464563
random_mixed,naive_compress,131072,262144,5,2,9698500,18.4984,14996548762552464563
random_mixed,naive_compress,131072,262144,6,2,8838500,16.8581,14996548762552464563
random_mixed,naive_halve,131072,262144,0,2,9015000,17.1947,14996548762552464563
random_mixed,naive_halve,131072,262144,1,2,9965400,19.0075,14996548762552464563
random_mixed,naive_halve,131072,262144,2,2,8547200,16.3025,14996548762552464563
random_mixed,naive_halve,131072,262144,3,2,9517300,18.1528,14996548762552464563
random_mixed,naive_halve,131072,262144,4,2,9262000,17.6659,14996548762552464563
random_mixed,naive_halve,131072,262144,5,2,7936000,15.1367,14996548762552464563
random_mixed,naive_halve,131072,262144,6,2,7974500,15.2102,14996548762552464563
random_mixed,rank_none,131072,262144,0,2,7987000,15.234,14996548762552464563
random_mixed,rank_none,131072,262144,1,2,7578100,14.4541,14996548762552464563
random_mixed,rank_none,131072,262144,2,2,7748700,14.7795,14996548762552464563
random_mixed,rank_none,131072,262144,3,2,7580300,14.4583,14996548762552464563
random_mixed,rank_none,131072,262144,4,2,7266900,13.8605,14996548762552464563
random_mixed,rank_none,131072,262144,5,2,7603400,14.5023,14996548762552464563
random_mixed,rank_none,131072,262144,6,2,7466500,14.2412,14996548762552464563
random_mixed,rank_compress,131072,262144,0,2,5366800,10.2364,14996548762552464563
random_mixed,rank_compress,131072,262144,1,2,5460600,10.4153,14996548762552464563
random_mixed,rank_compress,131072,262144,2,2,5413600,10.3256,14996548762552464563
random_mixed,rank_compress,131072,262144,3,2,5128800,9.78241,14996548762552464563
random_mixed,rank_compress,131072,262144,4,2,5352800,10.2097,14996548762552464563
random_mixed,rank_compress,131072,262144,5,2,5074800,9.67941,14996548762552464563
random_mixed,rank_compress,131072,262144,6,2,5105200,9.7374,14996548762552464563
random_mixed,rank_halve,131072,262144,0,3,6346200,8.06961,14996548762552464563
random_mixed,rank_halve,131072,262144,1,3,6574400,8.35978,14996548762552464563
random_mixed,rank_halve,131072,262144,2,3,6300800,8.01188,14996548762552464563
random_mixed,rank_halve,131072,262144,3,3,6280400,7.98594,14996548762552464563
random_mixed,rank_halve,131072,262144,4,3,6375300,8.10661,14996548762552464563
random_mixed,rank_halve,131072,262144,5,3,6233000,7.92567,14996548762552464563
random_mixed,rank_halve,131072,262144,6,3,6529800,8.30307,14996548762552464563
random_mixed,size_none,131072,262144,0,2,6519300,12.4346,14996548762552464563
random_mixed,size_none,131072,262144,1,2,6414000,12.2337,14996548762552464563
random_mixed,size_none,131072,262144,2,2,6509600,12.4161,14996548762552464563
random_mixed,size_none,131072,262144,3,2,6597200,12.5832,14996548762552464563
random_mixed,size_none,131072,262144,4,2,6469900,12.3404,14996548762552464563
random_mixed,size_none,131072,262144,5,2,6713300,12.8046,14996548762552464563
random_mixed,size_none,131072,262144,6,2,6544500,12.4826,14996548762552464563
random_mixed,size_compress,131072,262144,0,3,6882800,8.75193,14996548762552464563
random_mixed,size_compress,131072,262144,1,3,6728600,8.55586,14996548762552464563
random_mixed,size_compress,131072,262144,2,3,6749000,8.5818,14996548762552464563
random_mixed,size_compress,131072,262144,3,3,6666500,8.47689,14996548762552464563
random_mixed,size_compress,131072,262144,4,3,6842800,8.70107,14996548762552464563
random_mixed,size_compress,131072,262144,5,3,6741500,8.57226,14996548762552464563
random_mixed,size_compress,131072,262144,6,3,6978500,8.87362,14996548762552464563
random_mixed,size_halve,131072,262144,0,3,5697200,7.24436,14996548762552464563
random_mixed,size_halve,131072,262144,1,3,5487700,6.97797,14996548762552464563
random_mixed,size_halve,131072,262144,2,3,5498700,6.99196,14996548762552464563
random_mixed,size_halve,131072,262144,3,3,5705000,7.25428,14996548762552464563
random_mixed,size_halve,131072,262144,4,3,5461200,6.94427,14996548762552464563
random_mixed,size_halve,131072,262144,5,3,5755600,7.31862,14996548762552464563
random_mixed,size_halve,131072,262144,6,3,5551800,7.05948,14996548762552464563
random_mixed,naive_compress,262144,524288,0,1,9646400,18.399,14092637751157080468
random_mixed,naive_compress,262144,524288,1,1,9883800,18.8519,14092637751157080468
random_mixed,naive_compress,262144,524288,2,1,10084800,19.2352,14092637751157080468
random_mixed,naive_compress,262144,524288,3,1,9363400,17.8593,14092637751157080468
random_mixed,naive_compress,262144,524288,4,1,9674100,18.4519,14092637751157080468
random_mixed,naive_compress,262144,524288,5,1,9845400,18.7786,14092637751157080468
random_mixed,naive_compress,262144,524288,6,1,9726900,18.5526,14092637751157080468
random_mixed,naive_halve,262144,524288,0,1,9148100,17.4486,14092637751157080468
random_mixed,naive_halve,262144,524288,1,1,9178000,17.5056,14092637751157080468
random_mixed,naive_halve,262144,524288,2,1,9894900,18.873,14092637751157080468
random_mixed,naive_halve,262144,524288,3,1,9905500,18.8932,14092637751157080468
random_mixed,naive_halve,262144,524288,4,1,8961300,17.0923,14092637751157080468
random_mixed,naive_halve,262144,524288,5,1,9462600,18.0485,14092637751157080468
random_mixed,naive_halve,262144,524288,6,1,9332800,17.8009,14092637751157080468
random_mixed,rank_none,262144,524288,0,1,8917600,17.009,14092637751157080468
random_mixed,rank_none,262144,524288,1,1,9316200,17.7692,14092637751157080468
random_mixed,rank_none,262144,524288,2,1,8344600,15.9161,14092637751157080468
random_mixed,rank_none,262144,524288,3,1,8702200,16.5981,14092637751157080468
random_mixed,rank_none,262144,524288,4,1,9116500,17.3883,14092637751157080468
random_mixed,rank_none,262144,524288,5,1,8541500,16.2916,14092637751157080468
random_mixed,rank_none,262144,524288,6,1,9198000,17.5438,14092637751157080468
random_mixed,rank_compress,262144,524288,0,1,6547500,12.4884,14092637751157080468
random_mixed,rank_compress,262144,524288,1,1,6259000,11.9381,14092637751157080468
random_mixed,rank_compress,262144,524288,2,1,7232400,13.7947,14092637751157080468
random_mixed,rank_compress,262144,524288,3,1,6547700,12.4887,14092637751157080468
random_mixed,rank_compress,262144,524288,4,1,6113500,11.6606,14092637751157080468
random_mixed,rank_compress,262144,524288,5,1,6571800,12.5347,14092637751157080468
random_mixed,rank_compress,262144,524288,6,1,6524800,12.4451,14092637751157080468
random_mixed,rank_halve,262144,524288,0,1,4985000,9.50813,14092637751157080468
random_mixed,rank_halve,262144,524288,1,1,4960400,9.46121,14092637751157080468
random_mixed,rank_halve,262144,524288,2,1,5262900,10.0382,14092637751157080468
random_mixed,rank_halve,262144,524288,3,1,5433200,10.363,14092637751157080468
random_mixed,rank_halve,262144,524288,4,1,5528800,10.5453,14092637751157080468
random_mixed,rank_halve,262144,524288,5,1,5577900,10.639,14092637751157080468
random_mixed,rank_halve,262144,524288,6,1,5537100,10.5612,14092637751157080468
random_mixed,size_none,262144,524288,0,1,7957500,15.1777,14092637751157080468
random_mixed,size_none,262144,524288,1,1,8042500,15.3399,14092637751157080468
random_mixed,size_none,262144,524288,2,1,8549100,16.3061,14092637751157080468
random_mixed,size_none,262144,524288,3,1,8075700,15.4032,14092637751157080468
random_mixed,size_none,262144,524288,4,1,7791800,14.8617,14092637751157080468
random_mixed,size_none,262144,524288,5,1,8122200,15.4919,14092637751157080468
random_mixed,size_none,262144,524288,6,1,7491500,14.2889,14092637751157080468
random_mixed,size_compress,262144,524288,0,1,5372900,10.248,14092637751157080468
random_mixed,size_compress,262144,524288,1,1,5662900,10.8011,14092637751157080468
random_mixed,size_compress,262144,524288,2,1,5701800,10.8753,14092637751157080468
random_mixed,size_compress,262144,524288,3,1,5920700,11.2928,14092637751157080468
random_mixed,size_compress,262144,524288,4,1,5451100,10.3971,14092637751157080468
random_mixed,size_compress,262144,524288,5,1,6093500,11.6224,14092637751157080468
random_mixed,size_compress,262144,524288,6,1,5524500,10.5371,14092637751157080468
random_mixed,size_halve,262144,524288,0,1,4684600,8.93517,14092637751157080468
random_mixed,size_halve,262144,524288,1,1,5026900,9.58805,14092637751157080468
random_mixed,size_halve,262144,524288,2,1,5026900,9.58805,14092637751157080468
random_mixed,size_halve,262144,524288,3,1,5144800,9.81293,14092637751157080468
random_mixed,size_halve,262144,524288,4,1,4580800,8.73718,14092637751157080468
random_mixed,size_halve,262144,524288,5,1,5045300,9.62315,14092637751157080468
random_mixed,size_halve,262144,524288,6,1,5109200,9.74503,14092637751157080468
random_mixed,naive_compress,524288,1048576,0,1,21490000,20.4945,3583384404120394834
random_mixed,naive_compress,524288,1048576,1,1,22230200,21.2004,3583384404120394834
random_mixed,naive_compress,524288,1048576,2,1,22071800,21.0493,3583384404120394834
random_mixed,naive_compress,524288,1048576,3,1,21596300,20.5958,3583384404120394834
random_mixed,naive_compress,524288,1048576,4,1,20951300,19.9807,3583384404120394834
random_mixed,naive_compress,524288,1048576,5,1,20871700,19.9048,3583384404120394834
random_mixed,naive_compress,524288,1048576,6,1,21045100,20.0702,3583384404120394834
random_mixed,naive_halve,524288,1048576,0,1,20636000,19.68,3583384404120394834
random_mixed,naive_halve,524288,1048576,1,1,20761200,19.7994,3583384404120394834
random_mixed,naive_halve,524288,1048576,2,1,20379300,19.4352,3583384404120394834
random_mixed,naive_halve,524288,1048576,3,1,20654800,19.698,3583384404120394834
random_mixed,naive_halve,524288,1048576,4,1,20576800,19.6236,3583384404120394834
random_mixed,naive_halve,524288,1048576,5,1,20405000,19.4597,3583384404120394834
random_mixed,naive_halve,524288,1048576,6,1,20686500,19.7282,3583384404120394834
random_mixed,rank_none,524288,1048576,0,1,18300500,17.4527,3583384404120394834
random_mixed,rank_none,524288,1048576,1,1,17915100,17.0852,3583384404120394834
random_mixed,rank_none,524288,1048576,2,1,17588800,16.774,3583384404120394834
random_mixed,rank_none,524288,1048576,3,1,17726500,16.9053,3583384404120394834
random_mixed,rank_none,524288,1048576,4,1,17736200,16.9146,3583384404120394834
random_mixed,rank_none,524288,1048576,5,1,17430300,16.6228,3583384404120394834
random_mixed,rank_none,524288,1048576,6,1,17717400,16.8966,3583384404120394834
random_mixed,rank_compress,524288,1048576,0,1,13928200,13.283,3583384404120394834
random_mixed,rank_compress,524288,1048576,1,1,14004300,13.3555,3583384404120394834
random_mixed,rank_compress,524288,1048576,2,1,14313800,13.6507,3583384404120394834
random_mixed,rank_compress,524288,1048576,3,1,13439200,12.8166,3583384404120394834
random_mixed,rank_compress,524288,1048576,4,1,13086900,12.4806,3583384404120394834
random_mixed,rank_compress,524288,1048576,5,1,12623400,12.0386,3583384404120394834
random_mixed,rank_compress,524288,1048576,6,1,12822000,12.228,3583384404120394834
random_mixed,rank_halve,524288,1048576,0,1,10681100,10.1863,3583384404120394834
random_mixed,rank_halve,524288,1048576,1,1,10999100,10.4896,3583384404120394834
random_mixed,rank_halve,524288,1048576,2,1,10834000,10.3321,3583384404120394834
random_mixed,rank_halve,524288,1048576,3,1,11227900,10.7078,3583384404120394834
random_mixed,rank_halve,524288,1048576,4,1,10521800,10.0344,3583384404120394834
random_mixed,rank_halve,524288,1048576,5,1,10709800,10.2137,3583384404120394834
random_mixed,rank_halve,524288,1048576,6,1,10811200,10.3104,3583384404120394834
random_mixed,size_none,524288,1048576,0,1,15947800,15.209,3583384404120394834
random_mixed,size_none,524288,1048576,1,1,15815300,15.0826,3583384404120394834
random_mixed,size_none,524288,1048576,2,1,15947200,15.2084,3583384404120394834
random_mixed,size_none,524288,1048576,3,1,15927100,15.1893,3583384404120394834
random_mixed,size_none,524288,1048576,4,1,16203500,15.4529,3583384404120394834
random_mixed,size_none,524288,1048576,5,1,15479900,14.7628,3583384404120394834
random_mixed,size_none,524288,1048576,6,1,15962800,15.2233,3583384404120394834
random_mixed,size_compress,524288,1048576,0,1,11383900,10.8565,3583384404120394834
random_mixed,size_compress,524288,1048576,1,1,11197100,10.6784,3583384404120394834
random_mixed,size_compress,524288,1048576,2,1,11160100,10.6431,3583384404120394834
random_mixed,size_compress,524288,1048576,3,1,11311300,10.7873,3583384404120394834
random_mixed,size_compress,524288,1048576,4,1,11216000,10.6964,3583384404120394834
random_mixed,size_compress,524288,1048576,5,1,11194500,10.6759,3583384404120394834
random_mixed,size_compress,524288,1048576,6,1,11154400,10.6377,3583384404120394834
random_mixed,size_halve,524288,1048576,0,1,9383700,8.94899,3583384404120394834
random_mixed,size_halve,524288,1048576,1,1,9479600,9.04045,3583384404120394834
random_mixed,size_halve,524288,1048576,2,1,9713500,9.26352,3583384404120394834
random_mixed,size_halve,524288,1048576,3,1,9878100,9.42049,3583384404120394834
random_mixed,size_halve,524288,1048576,4,1,9542100,9.10006,3583384404120394834
random_mixed,size_halve,524288,1048576,5,1,9421200,8.98476,3583384404120394834
random_mixed,size_halve,524288,1048576,6,1,9192700,8.76684,3583384404120394834
random_mixed,naive_compress,1048576,2097152,0,1,47605100,22.6999,8185963170280953044
random_mixed,naive_compress,1048576,2097152,1,1,47075900,22.4475,8185963170280953044
random_mixed,naive_compress,1048576,2097152,2,1,47583100,22.6894,8185963170280953044
random_mixed,naive_compress,1048576,2097152,3,1,50373300,24.0199,8185963170280953044
random_mixed,naive_compress,1048576,2097152,4,1,50305600,23.9876,8185963170280953044
random_mixed,naive_compress,1048576,2097152,5,1,47169300,22.4921,8185963170280953044
random_mixed,naive_compress,1048576,2097152,6,1,49274800,23.4961,8185963170280953044
random_mixed,naive_halve,1048576,2097152,0,1,49598700,23.6505,8185963170280953044
random_mixed,naive_halve,1048576,2097152,1,1,48153600,22.9614,8185963170280953044
random_mixed,naive_halve,1048576,2097152,2,1,49359600,23.5365,8185963170280953044
random_mixed,naive_halve,1048576,2097152,3,1,48528200,23.14,8185963170280953044
random_mixed,naive_halve,1048576,2097152,4,1,49048900,23.3883,8185963170280953044
random_mixed,naive_halve,1048576,2097152,5,1,48587500,23.1683,8185963170280953044
random_mixed,naive_halve,1048576,2097152,6,1,50998300,24.3179,8185963170280953044
random_mixed,rank_none,1048576,2097152,0,1,45637300,21.7616,8185963170280953044
random_mixed,rank_none,1048576,2097152,1,1,45888100,21.8812,8185963170280953044
random_mixed,rank_none,1048576,2097152,2,1,41873100,19.9667,8185963170280953044
random_mixed,rank_none,1048576,2097152,3,1,42210800,20.1277,8185963170280953044
random_mixed,rank_none,1048576,2097152,4,1,43062200,20.5337,8185963170280953044
random_mixed,rank_none,1048576,2097152,5,1,46033100,21.9503,8185963170280953044
random_mixed,rank_none,1048576,2097152,6,1,41193400,19.6425,8185963170280953044
random_mixed,rank_compress,1048576,2097152,0,1,31491400,15.0163,8185963170280953044
random_mixed,rank_compress,1048576,2097152,1,1,30322600,14.4589,8185963170280953044
random_mixed,rank_compress,1048576,2097152,2,1,27461900,13.0949,8185963170280953044
random_mixed,rank_compress,1048576,2097152,3,1,27693100,13.2051,8185963170280953044
random_mixed,rank_compress,1048576,2097152,4,1,49439600,23.5746,8185963170280953044
random_mixed,rank_compress,1048576,2097152,5,1,28196300,13.445,8185963170280953044
random_mixed,rank_compress,1048576,2097152,6,1,27932600,13.3193,8185963170280953044
random_mixed,rank_halve,1048576,2097152,0,1,25902100,12.3511,8185963170280953044
random_mixed,rank_halve,1048576,2097152,1,1,29237500,13.9415,8185963170280953044
random_mixed,rank_halve,1048576,2097152,2,1,26151100,12.4698,8185963170280953044
random_mixed,rank_halve,1048576,2097152,3,1,26420400,12.5982,8185963170280953044
random_mixed,rank_halve,1048576,2097152,4,1,25761500,12.284,8185963170280953044
random_mixed,rank_halve,1048576,2097152,5,1,25582300,12.1986,8185963170280953044
random_mixed,rank_halve,1048576,2097152,6,1,28549900,13.6137,8185963170280953044
random_mixed,size_none,1048576,2097152,0,1,36729100,17.5138,8185963170280953044
random_mixed,size_none,1048576,2097152,1,1,39110600,18.6494,8185963170280953044
random_mixed,size_none,1048576,2097152,2,1,41001100,19.5508,8185963170280953044
random_mixed,size_none,1048576,2097152,3,1,35272600,16.8193,8185963170280953044
random_mixed,size_none,1048576,2097152,4,1,35948200,17.1414,8185963170280953044
random_mixed,size_none,1048576,2097152,5,1,35204800,16.787,8185963170280953044
random_mixed,size_none,1048576,2097152,6,1,35220500,16.7944,8185963170280953044
random_mixed,size_compress,1048576,2097152,0,1,26605400,12.6864,8185963170280953044
random_mixed,size_compress,1048576,2097152,1,1,25800300,12.3025,8185963170280953044
random_mixed,size_compress,1048576,2097152,2,1,26935800,12.844,8185963170280953044
random_mixed,size_compress,1048576,2097152,3,1,29799200,14.2094,8185963170280953044
random_mixed,size_compress,1048576,2097152,4,1,27841400,13.2758,8185963170280953044
random_mixed,size_compress,1048576,2097152,5,1,26723900,12.7429,8185963170280953044
random_mixed,size_compress,1048576,2097152,6,1,27252100,12.9948,8185963170280953044
random_mixed,size_halve,1048576,2097152,0,1,22443600,10.7019,8185963170280953044
random_mixed,size_halve,1048576,2097152,1,1,21079400,10.0514,8185963170280953044
random_mixed,size_halve,1048576,2097152,2,1,20565600,9.80644,8185963170280953044
random_mixed,size_halve,1048576,2097152,3,1,22729100,10.8381,8185963170280953044
random_mixed,size_halve,1048576,2097152,4,1,22863100,10.902,8185963170280953044
random_mixed,size_halve,1048576,2097152,5,1,22079700,10.5284,8185963170280953044
random_mixed,size_halve,1048576,2097152,6,1,23388300,11.1524,8185963170280953044
random_mixed,naive_compress,2097152,4194304,0,1,132041300,31.4811,9560151818210707333
random_mixed,naive_compress,2097152,4194304,1,1,150635500,35.9143,9560151818210707333
random_mixed,naive_compress,2097152,4194304,2,1,116446700,27.7631,9560151818210707333
random_mixed,naive_compress,2097152,4194304,3,1,122733900,29.262,9560151818210707333
random_mixed,naive_compress,2097152,4194304,4,1,109252300,26.0478,9560151818210707333
random_mixed,naive_compress,2097152,4194304,5,1,107352400,25.5948,9560151818210707333
random_mixed,naive_compress,2097152,4194304,6,1,112501000,26.8223,9560151818210707333
random_mixed,naive_halve,2097152,4194304,0,1,116245200,27.715,9560151818210707333
random_mixed,naive_halve,2097152,4194304,1,1,115316400,27.4936,9560151818210707333
random_mixed,naive_halve,2097152,4194304,2,1,112908700,26.9195,9560151818210707333
random_mixed,naive_halve,2097152,4194304,3,1,154819000,36.9117,9560151818210707333
random_mixed,naive_halve,2097152,4194304,4,1,130049600,31.0062,9560151818210707333
random_mixed,naive_halve,2097152,4194304,5,1,142281900,33.9226,9560151818210707333
random_mixed,naive_halve,2097152,4194304,6,1,144824500,34.5289,9560151818210707333
random_mixed,rank_none,2097152,4194304,0,1,107802000,25.702,9560151818210707333
random_mixed,rank_none,2097152,4194304,1,1,105693300,25.1992,9560151818210707333
random_mixed,rank_none,2097152,4194304,2,1,105367000,25.1215,9560151818210707333
random_mixed,rank_none,2097152,4194304,3,1,100525500,23.9671,9560151818210707333
random_mixed,rank_none,2097152,4194304,4,1,102732500,24.4933,9560151818210707333
random_mixed,rank_none,2097152,4194304,5,1,104139200,24.8287,9560151818210707333
random_mixed,rank_none,2097152,4194304,6,1,101589300,24.2208,9560151818210707333
random_mixed,rank_compress,2097152,4194304,0,1,96614300,23.0346,9560151818210707333
random_mixed,rank_compress,2097152,4194304,1,1,84594700,20.1689,9560151818210707333
random_mixed,rank_compress,2097152,4194304,2,1,80286000,19.1417,9560151818210707333
random_mixed,rank_compress,2097152,4194304,3,1,81388300,19.4045,9560151818210707333
random_mixed,rank_compress,2097152,4194304,4,1,72806400,17.3584,9560151818210707333
random_mixed,rank_compress,2097152,4194304,5,1,75750500,18.0603,9560151818210707333
random_mixed,rank_compress,2097152,4194304,6,1,76612400,18.2658,9560151818210707333
random_mixed,rank_halve,2097152,4194304,0,1,67460900,16.0839,9560151818210707333
random_mixed,rank_halve,2097152,4194304,1,1,68561200,16.3463,9560151818210707333
random_mixed,rank_halve,2097152,4194304,2,1,71383300,17.0191,9560151818210707333
random_mixed,rank_halve,2097152,4194304,3,1,65707800,15.666,9560151818210707333
random_mixed,rank_halve,2097152,4194304,4,1,67291200,16.0435,9560151818210707333
random_mixed,rank_halve,2097152,4194304,5,1,68941900,16.437,9560151818210707333
random_mixed,rank_halve,2097152,4194304,6,1,71661000,17.0853,9560151818210707333
random_mixed,size_none,2097152,4194304,0,1,86108500,20.5299,9560151818210707333
random_mixed,size_none,2097152,4194304,1,1,87723500,20.9149,9560151818210707333
random_mixed,size_none,2097152,4194304,2,1,87224600,20.796,9560151818210707333
random_mixed,size_none,2097152,4194304,3,1,87947300,20.9683,9560151818210707333
random_mixed,size_none,2097152,4194304,4,1,96585300,23.0277,9560151818210707333
random_mixed,size_none,2097152,4194304,5,1,86267400,20.5678,9560151818210707333
random_mixed,size_none,2097152,4194304,6,1,90496500,21.576,9560151818210707333
random_mixed,size_compress,2097152,4194304,0,1,67966800,16.2045,9560151818210707333
random_mixed,size_compress,2097152,4194304,1,1,68138700,16.2455,9560151818210707333
random_mixed,size_compress,2097152,4194304,2,1,68551000,16.3438,9560151818210707333
random_mixed,size_compress,2097152,4194304,3,1,67844600,16.1754,9560151818210707333
random_mixed,size_compress,2097152,4194304,4,1,64194100,15.3051,9560151818210707333
random_mixed,size_compress,2097152,4194304,5,1,68367600,16.3001,9560151818210707333
random_mixed,size_compress,2097152,4194304,6,1,63562000,15.1544,9560151818210707333
random_mixed,size_halve,2097152,4194304,0,1,61951700,14.7704,9560151818210707333
random_mixed,size_halve,2097152,4194304,1,1,62617800,14.9292,9560151818210707333
random_mixed,size_halve,2097152,4194304,2,1,66320900,15.8121,9560151818210707333
random_mixed,size_halve,2097152,4194304,3,1,66951200,15.9624,9560151818210707333
random_mixed,size_halve,2097152,4194304,4,1,65675500,15.6583,9560151818210707333
random_mixed,size_halve,2097152,4194304,5,1,63542100,15.1496,9560151818210707333
random_mixed,size_halve,2097152,4194304,6,1,63367800,15.1081,9560151818210707333
random_mixed,naive_compress,4194304,8388608,0,1,586174000,69.8774,1986734668325526375
random_mixed,naive_compress,4194304,8388608,1,1,620722500,73.9959,1986734668325526375
random_mixed,naive_compress,4194304,8388608,2,1,543130100,64.7462,1986734668325526375
random_mixed,naive_compress,4194304,8388608,3,1,561156800,66.8951,1986734668325526375
random_mixed,naive_compress,4194304,8388608,4,1,679721200,81.0291,1986734668325526375
random_mixed,naive_compress,4194304,8388608,5,1,619580100,73.8597,1986734668325526375
random_mixed,naive_compress,4194304,8388608,6,1,595791600,71.0239,1986734668325526375
random_mixed,naive_halve,4194304,8388608,0,1,496044800,59.1331,1986734668325526375
random_mixed,naive_halve,4194304,8388608,1,1,598668200,71.3668,1986734668325526375
random_mixed,naive_halve,4194304,8388608,2,1,515561600,61.4597,1986734668325526375
random_mixed,naive_halve,4194304,8388608,3,1,518780400,61.8434,1986734668325526375
random_mixed,naive_halve,4194304,8388608,4,1,452724800,53.969,1986734668325526375
random_mixed,naive_halve,4194304,8388608,5,1,442843600,52.7911,1986734668325526375
random_mixed,naive_halve,4194304,8388608,6,1,426442000,50.8358,1986734668325526375
random_mixed,rank_none,4194304,8388608,0,1,296773700,35.3782,1986734668325526375
random_mixed,rank_none,4194304,8388608,1,1,295807400,35.263,1986734668325526375
random_mixed,rank_none,4194304,8388608,2,1,314321500,37.47,1986734668325526375
random_mixed,rank_none,4194304,8388608,3,1,294968600,35.163,1986734668325526375
random_mixed,rank_none,4194304,8388608,4,1,302215500,36.0269,1986734668325526375
random_mixed,rank_none,4194304,8388608,5,1,328864800,39.2037,1986734668325526375
random_mixed,rank_none,4194304,8388608,6,1,327795300,39.0762,1986734668325526375
random_mixed,rank_compress,4194304,8388608,0,1,229134800,27.315,1986734668325526375
random_mixed,rank_compress,4194304,8388608,1,1,228993200,27.2981,1986734668325526375
random_mixed,rank_compress,4194304,8388608,2,1,243915800,29.077,1986734668325526375
random_mixed,rank_compress,4194304,8388608,3,1,230133100,27.434,1986734668325526375
random_mixed,rank_compress,4194304,8388608,4,1,229266000,27.3306,1986734668325526375
random_mixed,rank_compress,4194304,8388608,5,1,223428800,26.6348,1986734668325526375
random_mixed,rank_compress,4194304,8388608,6,1,230640600,27.4945,1986734668325526375
random_mixed,rank_halve,4194304,8388608,0,1,233360900,27.8188,1986734668325526375
random_mixed,rank_halve,4194304,8388608,1,1,227308200,27.0972,1986734668325526375
random_mixed,rank_halve,4194304,8388608,2,1,233806900,27.872,1986734668325526375
random_mixed,rank_halve,4194304,8388608,3,1,227829500,27.1594,1986734668325526375
random_mixed,rank_halve,4194304,8388608,4,1,270302000,32.2225,1986734668325526375
random_mixed,rank_halve,4194304,8388608,5,1,252878000,30.1454,1986734668325526375
random_mixed,rank_halve,4194304,8388608,6,1,276692600,32.9843,1986734668325526375
random_mixed,size_none,4194304,8388608,0,1,297438400,35.4574,1986734668325526375
random_mixed,size_none,4194304,8388608,1,1,426830600,50.8822,1986734668325526375
random_mixed,size_none,4194304,8388608,2,1,315837600,37.6508,1986734668325526375
random_mixed,size_none,4194304,8388608,3,1,302513500,36.0624,1986734668325526375
random_mixed,size_none,4194304,8388608,4,1,295807900,35.263,1986734668325526375
random_mixed,size_none,4194304,8388608,5,1,288504500,34.3924,1986734668325526375
random_mixed,size_none,4194304,8388608,6,1,302821200,36.0991,1986734668325526375
random_mixed,size_compress,4194304,8388608,0,1,305532800,36.4223,1986734668325526375
random_mixed,size_compress,4194304,8388608,1,1,332421700,39.6278,1986734668325526375
random_mixed,size_compress,4194304,8388608,2,1,245983700,29.3235,1986734668325526375
random_mixed,size_compress,4194304,8388608,3,1,257967700,30.7521,1986734668325526375
random_mixed,size_compress,4194304,8388608,4,1,256202900,30.5418,1986734668325526375
random_mixed,size_compress,4194304,8388608,5,1,246619000,29.3993,1986734668325526375
random_mixed,size_compress,4194304,8388608,6,1,261184400,31.1356,1986734668325526375
random_mixed,size_halve,4194304,8388608,0,1,275554100,32.8486,1986734668325526375
random_mixed,size_halve,4194304,8388608,1,1,288607800,34.4047,1986734668325526375
random_mixed,size_halve,4194304,8388608,2,1,264104300,31.4837,1986734668325526375
random_mixed,size_halve,4194304,8388608,3,1,272583500,32.4945,1986734668325526375
random_mixed,size_halve,4194304,8388608,4,1,255244300,30.4275,1986734668325526375
random_mixed,size_halve,4194304,8388608,5,1,266922200,31.8196,1986734668325526375
random_mixed,size_halve,4194304,8388608,6,1,273402700,32.5921,1986734668325526375
random_mixed,naive_compress,8388608,16777216,0,1,1779749400,106.081,13028213354551836547
random_mixed,naive_compress,8388608,16777216,1,1,1796188700,107.061,13028213354551836547
random_mixed,naive_compress,8388608,16777216,2,1,1602701300,95.5284,13028213354551836547
random_mixed,naive_compress,8388608,16777216,3,1,1795116000,106.997,13028213354551836547
random_mixed,naive_compress,8388608,16777216,4,1,1742210000,103.844,13028213354551836547
random_mixed,naive_compress,8388608,16777216,5,1,1709816000,101.913,13028213354551836547
random_mixed,naive_compress,8388608,16777216,6,1,1848971000,110.207,13028213354551836547
random_mixed,naive_halve,8388608,16777216,0,1,1923216000,114.633,13028213354551836547
random_mixed,naive_halve,8388608,16777216,1,1,1799074500,107.233,13028213354551836547
random_mixed,naive_halve,8388608,16777216,2,1,2114745300,126.049,13028213354551836547
random_mixed,naive_halve,8388608,16777216,3,1,1925735900,114.783,13028213354551836547
random_mixed,naive_halve,8388608,16777216,4,1,1958960200,116.763,13028213354551836547
random_mixed,naive_halve,8388608,16777216,5,1,1725907400,102.872,13028213354551836547
random_mixed,naive_halve,8388608,16777216,6,1,1773552100,105.712,13028213354551836547
random_mixed,rank_none,8388608,16777216,0,1,812305500,48.4172,13028213354551836547
random_mixed,rank_none,8388608,16777216,1,1,821092800,48.9409,13028213354551836547
random_mixed,rank_none,8388608,16777216,2,1,857016900,51.0822,13028213354551836547
random_mixed,rank_none,8388608,16777216,3,1,841373500,50.1498,13028213354551836547
random_mixed,rank_none,8388608,16777216,4,1,821397500,48.9591,13028213354551836547
random_mixed,rank_none,8388608,16777216,5,1,840860500,50.1192,13028213354551836547
random_mixed,rank_none,8388608,16777216,6,1,806230400,48.0551,13028213354551836547
random_mixed,rank_compress,8388608,16777216,0,1,662876800,39.5105,13028213354551836547
random_mixed,rank_compress,8388608,16777216,1,1,649875300,38.7356,13028213354551836547
random_mixed,rank_compress,8388608,16777216,2,1,660915600,39.3936,13028213354551836547
random_mixed,rank_compress,8388608,16777216,3,1,658047700,39.2227,13028213354551836547
random_mixed,rank_compress,8388608,16777216,4,1,671786700,40.0416,13028213354551836547
random_mixed,rank_compress,8388608,16777216,5,1,692148000,41.2552,13028213354551836547
random_mixed,rank_compress,8388608,16777216,6,1,653175500,38.9323,13028213354551836547
random_mixed,rank_halve,8388608,16777216,0,1,688560100,41.0414,13028213354551836547
random_mixed,rank_halve,8388608,16777216,1,1,691510800,41.2173,13028213354551836547
random_mixed,rank_halve,8388608,16777216,2,1,673300100,40.1318,13028213354551836547
random_mixed,rank_halve,8388608,16777216,3,1,684549900,40.8024,13028213354551836547
random_mixed,rank_halve,8388608,16777216,4,1,668817900,39.8647,13028213354551836547
random_mixed,rank_halve,8388608,16777216,5,1,681066800,40.5947,13028213354551836547
random_mixed,rank_halve,8388608,16777216,6,1,674142200,40.182,13028213354551836547
random_mixed,size_none,8388608,16777216,0,1,794122500,47.3334,13028213354551836547
random_mixed,size_none,8388608,16777216,1,1,778915500,46.427,13028213354551836547
random_mixed,size_none,8388608,16777216,2,1,816730500,48.6809,13028213354551836547
random_mixed,size_none,8388608,16777216,3,1,790451800,47.1146,13028213354551836547
random_mixed,size_none,8388608,16777216,4,1,768703700,45.8183,13028213354551836547
random_mixed,size_none,8388608,16777216,5,1,776168100,46.2632,13028213354551836547
random_mixed,size_none,8388608,16777216,6,1,782268700,46.6268,13028213354551836547
random_mixed,size_compress,8388608,16777216,0,1,650851100,38.7937,13028213354551836547
random_mixed,size_compress,8388608,16777216,1,1,677648700,40.391,13028213354551836547
random_mixed,size_compress,8388608,16777216,2,1,673924600,40.169,13028213354551836547
random_mixed,size_compress,8388608,16777216,3,1,645369800,38.467,13028213354551836547
random_mixed,size_compress,8388608,16777216,4,1,645706000,38.4871,13028213354551836547
random_mixed,size_compress,8388608,16777216,5,1,661368300,39.4206,13028213354551836547
random_mixed,size_compress,8388608,16777216,6,1,648787700,38.6708,13028213354551836547
random_mixed,size_halve,8388608,16777216,0,1,697906400,41.5985,13028213354551836547
random_mixed,size_halve,8388608,16777216,1,1,681023000,40.5921,13028213354551836547
random_mixed,size_halve,8388608,16777216,2,1,677670700,40.3923,13028213354551836547
random_mixed,size_halve,8388608,16777216,3,1,676121600,40.3,13028213354551836547
random_mixed,size_halve,8388608,16777216,4,1,678991800,40.4711,13028213354551836547
random_mixed,size_halve,8388608,16777216,5,1,675920600,40.288,13028213354551836547
random_mixed,size_halve,8388608,16777216,6,1,690420200,41.1523,13028213354551836547
random_mixed,naive_compress,16777216,33554432,0,1,4757003300,141.77,17207806768942468913
random_mixed,naive_compress,16777216,33554432,1,1,4780989800,142.485,17207806768942468913
random_mixed,naive_compress,16777216,33554432,2,1,4577072500,136.407,17207806768942468913
random_mixed,naive_compress,16777216,33554432,3,1,4548793400,135.565,17207806768942468913
random_mixed,naive_compress,16777216,33554432,4,1,4651325900,138.62,17207806768942468913
random_mixed,naive_compress,16777216,33554432,5,1,4537596600,135.231,17207806768942468913
random_mixed,naive_compress,16777216,33554432,6,1,4823826000,143.761,17207806768942468913
random_mixed,naive_halve,16777216,33554432,0,1,5552270600,165.471,17207806768942468913
random_mixed,naive_halve,16777216,33554432,1,1,4769561100,142.144,17207806768942468913
random_mixed,naive_halve,16777216,33554432,2,1,5174246400,154.205,17207806768942468913
random_mixed,naive_halve,16777216,33554432,3,1,5249382500,156.444,17207806768942468913
random_mixed,naive_halve,16777216,33554432,4,1,4863539000,144.945,17207806768942468913
random_mixed,naive_halve,16777216,33554432,5,1,4887924000,145.671,17207806768942468913
random_mixed,naive_halve,16777216,33554432,6,1,5097773100,151.925,17207806768942468913
random_mixed,rank_none,16777216,33554432,0,1,1973139000,58.8041,17207806768942468913
random_mixed,rank_none,16777216,33554432,1,1,1969466200,58.6947,17207806768942468913
random_mixed,rank_none,16777216,33554432,2,1,1967030000,58.6221,17207806768942468913
random_mixed,rank_none,16777216,33554432,3,1,1966849900,58.6167,17207806768942468913
random_mixed,rank_none,16777216,33554432,4,1,2002035300,59.6653,17207806768942468913
random_mixed,rank_none,16777216,33554432,5,1,2007067700,59.8153,17207806768942468913
random_mixed,rank_none,16777216,33554432,6,1,1969024800,58.6815,17207806768942468913
random_mixed,rank_compress,16777216,33554432,0,1,1563149900,46.5855,17207806768942468913
random_mixed,rank_compress,16777216,33554432,1,1,1576516700,46.9839,17207806768942468913
random_mixed,rank_compress,16777216,33554432,2,1,1615797600,48.1545,17207806768942468913
random_mixed,rank_compress,16777216,33554432,3,1,1565098500,46.6436,17207806768942468913
random_mixed,rank_compress,16777216,33554432,4,1,1582555900,47.1638,17207806768942468913
random_mixed,rank_compress,16777216,33554432,5,1,1715147700,51.1154,17207806768942468913
random_mixed,rank_compress,16777216,33554432,6,1,1692915600,50.4528,17207806768942468913
random_mixed,rank_halve,16777216,33554432,0,1,1679254400,50.0457,17207806768942468913
random_mixed,rank_halve,16777216,33554432,1,1,1714126900,51.085,17207806768942468913
random_mixed,rank_halve,16777216,33554432,2,1,1683674200,50.1774,17207806768942468913
random_mixed,rank_halve,16777216,33554432,3,1,1642940300,48.9634,17207806768942468913
random_mixed,rank_halve,16777216,33554432,4,1,1645052800,49.0264,17207806768942468913
random_mixed,rank_halve,16777216,33554432,5,1,1645166700,49.0298,17207806768942468913
random_mixed,rank_halve,16777216,33554432,6,1,1646143600,49.0589,17207806768942468913
random_mixed,size_none,16777216,33554432,0,1,1923282600,57.3183,17207806768942468913
random_mixed,size_none,16777216,33554432,1,1,1927782800,57.4524,17207806768942468913
random_mixed,size_none,16777216,33554432,2,1,1865136000,55.5854,17207806768942468913
random_mixed,size_none,16777216,33554432,3,1,1875345000,55.8896,17207806768942468913
random_mixed,size_none,16777216,33554432,4,1,1894134900,56.4496,17207806768942468913
random_mixed,size_none,16777216,33554432,5,1,1919556700,57.2072,17207806768942468913
random_mixed,size_none,16777216,33554432,6,1,2331959400,69.4978,17207806768942468913
random_mixed,size_compress,16777216,33554432,0,1,1560524800,46.5073,17207806768942468913
random_mixed,size_compress,16777216,33554432,1,1,1576366100,46.9794,17207806768942468913
random_mixed,size_compress,16777216,33554432,2,1,1538992400,45.8655,17207806768942468913
random_mixed,size_compress,16777216,33554432,3,1,1555017900,46.3431,17207806768942468913
random_mixed,size_compress,16777216,33554432,4,1,1557542900,46.4184,17207806768942468913
random_mixed,size_compress,16777216,33554432,5,1,1586260200,47.2742,17207806768942468913
random_mixed,size_compress,16777216,33554432,6,1,1539970000,45.8947,17207806768942468913
random_mixed,size_halve,16777216,33554432,0,1,1726848400,51.4641,17207806768942468913
random_mixed,size_halve,16777216,33554432,1,1,1678798500,50.0321,17207806768942468913
random_mixed,size_halve,16777216,33554432,2,1,1716349500,51.1512,17207806768942468913
random_mixed,size_halve,16777216,33554432,3,1,1706126000,50.8465,17207806768942468913
random_mixed,size_halve,16777216,33554432,4,1,1703619200,50.7718,17207806768942468913
random_mixed,size_halve,16777216,33554432,5,1,1717590900,51.1882,17207806768942468913
random_mixed,size_halve,16777216,33554432,6,1,1887810200,56.2611,17207806768942468913
chain,quickfind,1024,2047,0,22,5245000,116.468,10012238438422107541
chain,quickfind,1024,2047,1,22,5276000,117.156,10012238438422107541
chain,quickfind,1024,2047,2,22,5264300,116.896,10012238438422107541
chain,quickfind,1024,2047,3,22,5337500,118.522,10012238438422107541
chain,quickfind,1024,2047,4,22,5402000,119.954,10012238438422107541
chain,quickfind,1024,2047,5,22,5257200,116.738,10012238438422107541
chain,quickfind,1024,2047,6,22,5258800,116.774,10012238438422107541
chain,naive_none,1024,2047,0,3,5463700,889.709,10012238438422107541
chain,naive_none,1024,2047,1,3,5333200,868.458,10012238438422107541
chain,naive_none,1024,2047,2,3,5525000,899.691,10012238438422107541
chain,naive_none,1024,2047,3,3,5311100,864.859,10012238438422107541
chain,naive_none,1024,2047,4,3,5340600,869.663,10012238438422107541
chain,naive_none,1024,2047,5,3,5285100,860.625,10012238438422107541
chain,naive_none,1024,2047,6,3,5169300,841.768,10012238438422107541
chain,naive_compress,1024,2047,0,1163,4667900,1.96076,10012238438422107541
chain,naive_compress,1024,2047,1,1163,4598500,1.93161,10012238438422107541
chain,naive_compress,1024,2047,2,1163,4592200,1.92896,10012238438422107541
chain,naive_compress,1024,2047,3,1163,4595500,1.93035,10012238438422107541
chain,naive_compress,1024,2047,4,1163,4616900,1.93934,10012238438422107541
chain,naive_compress,1024,2047,5,1163,4590100,1.92808,10012238438422107541
chain,naive_compress,1024,2047,6,1163,4585200,1.92602,10012238438422107541
chain,naive_halve,1024,2047,0,506,3233000,3.12131,10012238438422107541
chain,naive_halve,1024,2047,1,506,3189600,3.07941,10012238438422107541
chain,naive_halve,1024,2047,2,506,3142600,3.03404,10012238438422107541
chain,naive_halve,1024,2047,3,506,3232100,3.12044,10012238438422107541
chain,naive_halve,1024,2047,4,506,3147100,3.03838,10012238438422107541
chain,naive_halve,1024,2047,5,506,3181500,3.07159,10012238438422107541
chain,naive_halve,1024,2047,6,506,3150300,3.04147,10012238438422107541
chain,rank_none,1024,2047,0,1064,4719100,2.1667,10012238438422107541
chain,rank_none,1024,2047,1,1064,4767400,2.18888,10012238438422107541
chain,rank_none,1024,2047,2,1064,4715400,2.16501,10012238438422107541
chain,rank_none,1024,2047,3,1064,4622100,2.12217,10012238438422107541
chain,rank_none,1024,2047,4,1064,4652300,2.13603,10012238438422107541
chain,rank_none,1024,2047,5,1064,4782200,2.19568,10012238438422107541
chain,rank_none,1024,2047,6,1064,4666600,2.1426,10012238438422107541
chain,rank_compress,1024,2047,0,1163,4609800,1.93635,10012238438422107541
chain,rank_compress,1024,2047,1,1163,4716700,1.98126,10012238438422107541
chain,rank_compress,1024,2047,2,1163,4763400,2.00087,10012238438422107541
chain,rank_compress,1024,2047,3,1163,4693000,1.9713,10012238438422107541
chain,rank_compress,1024,2047,4,1163,4821500,2.02528,10012238438422107541
chain,rank_compress,1024,2047,5,1163,4724900,1.9847,10012238438422107541
chain,rank_compress,1024,2047,6,1163,4678200,1.96508,10012238438422107541
chain,rank_halve,1024,2047,0,736,4764100,3.16217,10012238438422107541
chain,rank_halve,1024,2047,1,736,4698800,3.11883,10012238438422107541
chain,rank_halve,1024,2047,2,736,4675200,3.10316,10012238438422107541
chain,rank_halve,1024,2047,3,736,4889900,3.24567,10012238438422107541
chain,rank_halve,1024,2047,4,736,4809700,3.19244,10012238438422107541
chain,rank_halve,1024,2047,5,736,4800300,3.1862,10012238438422107541
chain,rank_halve,1024,2047,6,736,4672700,3.1015,10012238438422107541
chain,size_none,1024,2047,0,926,4234100,2.23374,10012238438422107541
chain,size_none,1024,2047,1,926,4272700,2.2541,10012238438422107541
chain,size_none,1024,2047,2,926,4305100,2.27119,10012238438422107541
chain,size_none,1024,2047,3,926,4252300,2.24334,10012238438422107541
chain,size_none,1024,2047,4,926,4165600,2.1976,10012238438422107541
chain,size_none,1024,2047,5,926,4181300,2.20588,10012238438422107541
chain,size_none,1024,2047,6,926,4238400,2.23601,10012238438422107541
chain,size_compress,1024,2047,0,863,4670000,2.64355,10012238438422107541
chain,size_compress,1024,2047,1,863,4626900,2.61916,10012238438422107541
chain,size_compress,1024,2047,2,863,4604100,2.60625,10012238438422107541
chain,size_compress,1024,2047,3,863,4637300,2.62504,10012238438422107541
chain,size_compress,1024,2047,4,863,4665600,2.64106,10012238438422107541
chain,size_compress,1024,2047,5,863,4618800,2.61457,10012238438422107541
chain,size_compress,1024,2047,6,863,4680400,2.64944,10012238438422107541
chain,size_halve,1024,2047,0,770,4971700,3.15425,10012238438422107541
chain,size_halve,1024,2047,1,770,5001800,3.17335,10012238438422107541
chain,size_halve,1024,2047,2,770,4956500,3.14461,10012238438422107541
chain,size_halve,1024,2047,3,770,4906400,3.11282,10012238438422107541
chain,size_halve,1024,2047,4,770,4915200,3.11841,10012238438422107541
chain,size_halve,1024,2047,5,770,5085800,3.22664,10012238438422107541
chain,size_halve,1024,2047,6,770,5202400,3.30062,10012238438422107541
chain,quickfind,2048,4095,0,6,5425900,220.834,5177629076840793493
chain,quickfind,2048,4095,1,6,5603300,228.055,5177629076840793493
chain,quickfind,2048,4095,2,6,5503500,223.993,5177629076840793493
chain,quickfind,2048,4095,3,6,5453600,221.962,5177629076840793493
chain,quickfind,2048,4095,4,6,5447400,221.709,5177629076840793493
chain,quickfind,2048,4095,5,6,5397600,219.683,5177629076840793493
chain,quickfind,2048,4095,6,6,5359800,218.144,5177629076840793493
chain,naive_none,2048,4095,0,1,6906200,1686.5,5177629076840793493
chain,naive_none,2048,4095,1,1,7239700,1767.94,5177629076840793493
chain,naive_none,2048,4095,2,1,6987600,1706.37,5177629076840793493
chain,naive_none,2048,4095,3,1,7129200,1740.95,5177629076840793493
chain,naive_none,2048,4095,4,1,7158100,1748.01,5177629076840793493
chain,naive_none,2048,4095,5,1,7124700,1739.85,5177629076840793493
chain,naive_none,2048,4095,6,1,6990400,1707.06,5177629076840793493
chain,naive_compress,2048,4095,0,527,4354100,2.01759,5177629076840793493
chain,naive_compress,2048,4095,1,527,4154900,1.92529,5177629076840793493
chain,naive_compress,2048,4095,2,527,4228100,1.95921,5177629076840793493
chain,naive_compress,2048,4095,3,527,4263000,1.97538,5177629076840793493
chain,naive_compress,2048,4095,4,527,4160600,1.92793,5177629076840793493
chain,naive_compress,2048,4095,5,527,4151100,1.92353,5177629076840793493
chain,naive_compress,2048,4095,6,527,4362200,2.02135,5177629076840793493
chain,naive_halve,2048,4095,0,239,3137700,3.20597,5177629076840793493
chain,naive_halve,2048,4095,1,239,3071600,3.13843,5177629076840793493
chain,naive_halve,2048,4095,2,239,3021900,3.08765,5177629076840793493
chain,naive_halve,2048,4095,3,239,3053600,3.12004,5177629076840793493
chain,naive_halve,2048,4095,4,239,3035500,3.10155,5177629076840793493
chain,naive_halve,2048,4095,5,239,2964600,3.0291,5177629076840793493
chain,naive_halve,2048,4095,6,239,2998800,3.06405,5177629076840793493
chain,rank_none,2048,4095,0,569,4905500,2.10532,5177629076840793493
chain,rank_none,2048,4095,1,569,5005200,2.1481,5177629076840793493
chain,rank_none,2048,4095,2,569,5130700,2.20197,5177629076840793493
chain,rank_none,2048,4095,3,569,4968300,2.13227,5177629076840793493
chain,rank_none,2048,4095,4,569,4922800,2.11274,5177629076840793493
chain,rank_none,2048,4095,5,569,4932700,2.11699,5177629076840793493
chain,rank_none,2048,4095,6,569,5047300,2.16617,5177629076840793493
chain,rank_compress,2048,4095,0,603,4842200,1.96097,5177629076840793493
chain,rank_compress,2048,4095,1,603,4939600,2.00042,5177629076840793493
chain,rank_compress,2048,4095,2,603,4907900,1.98758,5177629076840793493
chain,rank_compress,2048,4095,3,603,4842300,1.96101,5177629076840793493
chain,rank_compress,2048,4095,4,603,4843200,1.96138,5177629076840793493
chain,rank_compress,2048,4095,5,603,4904200,1.98608,5177629076840793493
chain,rank_compress,2048,4095,6,603,4878500,1.97567,5177629076840793493
chain,rank_halve,2048,4095,0,368,4825300,3.20201,5177629076840793493
chain,rank_halve,2048,4095,1,368,4907200,3.25636,5177629076840793493
chain,rank_halve,2048,4095,2,368,4801400,3.18615,5177629076840793493
chain,rank_halve,2048,4095,3,368,4881400,3.23924,5177629076840793493
chain,rank_halve,2048,4095,4,368,4716100,3.12955,5177629076840793493
chain,rank_halve,2048,4095,5,368,4685800,3.10944,5177629076840793493
chain,rank_halve,2048,4095,6,368,4742100,3.1468,5177629076840793493
chain,size_none,2048,4095,0,532,4823500,2.2141,5177629076840793493
chain,size_none,2048,4095,1,532,4852200,2.22727,5177629076840793493
chain,size_none,2048,4095,2,532,4884500,2.2421,5177629076840793493
chain,size_none,2048,4095,3,532,5055400,2.32054,5177629076840793493
chain,size_none,2048,4095,4,532,4970900,2.28176,5177629076840793493
chain,size_none,2048,4095,5,532,4917400,2.2572,5177629076840793493
chain,size_none,2048,4095,6,532,4812000,2.20882,5177629076840793493
chain,size_compress,2048,4095,0,443,4879400,2.68973,5177629076840793493
chain,size_compress,2048,4095,1,443,4760800,2.62435,5177629076840793493
chain,size_compress,2048,4095,2,443,4756000,2.62171,5177629076840793493
chain,size_compress,2048,4095,3,443,4779500,2.63466,5177629076840793493
chain,size_compress,2048,4095,4,443,4786300,2.63841,5177629076840793493
chain,size_compress,2048,4095,5,443,4744000,2.61509,5177629076840793493
chain,size_compress,2048,4095,6,443,4757600,2.62259,5177629076840793493
chain,size_halve,2048,4095,0,385,4973100,3.15437,5177629076840793493
chain,size_halve,2048,4095,1,385,4951700,3.1408,5177629076840793493
chain,size_halve,2048,4095,2,385,4923700,3.12304,5177629076840793493
chain,size_halve,2048,4095,3,385,5063900,3.21196,5177629076840793493
chain,size_halve,2048,4095,4,385,5051100,3.20384,5177629076840793493
chain,size_halve,2048,4095,5,385,5008500,3.17682,5177629076840793493
chain,size_halve,2048,4095,6,385,5176400,3.28332,5177629076840793493
chain,quickfind,4096,8191,0,2,6997600,427.152,2502327724327708053
chain,quickfind,4096,8191,1,2,7067100,431.394,2502327724327708053
chain,quickfind,4096,8191,2,2,6988800,426.615,2502327724327708053
chain,quickfind,4096,8191,3,2,7027200,428.959,2502327724327708053
chain,quickfind,4096,8191,4,2,7308500,446.13,2502327724327708053
chain,quickfind,4096,8191,5,2,7272800,443.951,2502327724327708053
chain,quickfind,4096,8191,6,2,7233000,441.521,2502327724327708053
chain,naive_none,4096,8191,0,1,27866400,3402.08,2502327724327708053
chain,naive_none,4096,8191,1,1,28387400,3465.68,2502327724327708053
chain,naive_none,4096,8191,2,1,27903900,3406.65,2502327724327708053
chain,naive_none,4096,8191,3,1,27809400,3395.12,2502327724327708053
chain,naive_none,4096,8191,4,1,27593800,3368.8,2502327724327708053
chain,naive_none,4096,8191,5,1,27836600,3398.44,2502327724327708053
chain,naive_none,4096,8191,6,1,27935800,3410.55,2502327724327708053
chain,naive_compress,4096,8191,0,307,4915800,1.95487,2502327724327708053
chain,naive_compress,4096,8191,1,307,4891200,1.94509,2502327724327708053
chain,naive_compress,4096,8191,2,307,4952700,1.96955,2502327724327708053
chain,naive_compress,4096,8191,3,307,4904100,1.95022,2502327724327708053
chain,naive_compress,4096,8191,4,307,4966700,1.97512,2502327724327708053
chain,naive_compress,4096,8191,5,307,4899100,1.94823,2502327724327708053
chain,naive_compress,4096,8191,6,307,4918400,1.95591,2502327724327708053
chain,naive_halve,4096,8191,0,133,3408400,3.12869,2502327724327708053
chain,naive_halve,4096,8191,1,133,3418400,3.13787,2502327724327708053
chain,naive_halve,4096,8191,2,133,3522500,3.23342,2502327724327708053
chain,naive_halve,4096,8191,3,133,3407300,3.12768,2502327724327708053
chain,naive_halve,4096,8191,4,133,3543500,3.2527,2502327724327708053
chain,naive_halve,4096,8191,5,133,3511800,3.2236,2502327724327708053
chain,naive_halve,4096,8191,6,133,3473000,3.18798,2502327724327708053
chain,rank_none,4096,8191,0,266,4717100,2.16499,2502327724327708053
chain,rank_none,4096,8191,1,266,4710800,2.1621,2502327724327708053
chain,rank_none,4096,8191,2,266,4682000,2.14888,2502327724327708053
chain,rank_none,4096,8191,3,266,4630600,2.12529,2502327724327708053
chain,rank_none,4096,8191,4,266,4651100,2.1347,2502327724327708053
chain,rank_none,4096,8191,5,266,4634000,2.12685,2502327724327708053
chain,rank_none,4096,8191,6,266,4633700,2.12672,2502327724327708053
chain,rank_compress,4096,8191,0,313,5030500,1.96214,2502327724327708053
chain,rank_compress,4096,8191,1,313,5102000,1.99003,2502327724327708053
chain,rank_compress,4096,8191,2,313,5097000,1.98808,2502327724327708053
chain,rank_compress,4096,8191,3,313,5118700,1.99654,2502327724327708053
chain,rank_compress,4096,8191,4,313,5032000,1.96272,2502327724327708053
chain,rank_compress,4096,8191,5,313,5010800,1.95446,2502327724327708053
chain,rank_compress,4096,8191,6,313,5074500,1.9793,2502327724327708053
chain,rank_halve,4096,8191,0,191,4918600,3.14392,2502327724327708053
chain,rank_halve,4096,8191,1,191,4938800,3.15683,2502327724327708053
chain,rank_halve,4096,8191,2,191,4883900,3.12174,2502327724327708053
chain,rank_halve,4096,8191,3,191,4870500,3.11317,2502327724327708053
chain,rank_halve,4096,8191,4,191,4888900,3.12493,2502327724327708053
chain,rank_halve,4096,8191,5,191,4885800,3.12295,2502327724327708053
chain,rank_halve,4096,8191,6,191,4857200,3.10467,2502327724327708053
chain,size_none,4096,8191,0,271,4922200,2.21745,2502327724327708053
chain,size_none,4096,8191,1,271,4927500,2.21983,2502327724327708053
chain,size_none,4096,8191,2,271,4896700,2.20596,2502327724327708053
chain,size_none,4096,8191,3,271,4907500,2.21082,2502327724327708053
chain,size_none,4096,8191,4,271,4905200,2.20979,2502327724327708053
chain,size_none,4096,8191,5,271,4889100,2.20253,2502327724327708053
chain,size_none,4096,8191,6,271,4904700,2.20956,2502327724327708053
chain,size_compress,4096,8191,0,210,4523500,2.62977,2502327724327708053
chain,size_compress,4096,8191,1,210,4483800,2.60669,2502327724327708053
chain,size_compress,4096,8191,2,210,4478400,2.60355,2502327724327708053
chain,size_compress,4096,8191,3,210,4620300,2.68605,2502327724327708053
chain,size_compress,4096,8191,4,210,4489100,2.60977,2502327724327708053
chain,size_compress,4096,8191,5,210,4469000,2.59809,2502327724327708053
chain,size_compress,4096,8191,6,210,4572200,2.65809,2502327724327708053
chain,size_halve,4096,8191,0,189,4893100,3.16072,2502327724327708053
chain,size_halve,4096,8191,1,189,4874900,3.14896,2502327724327708053
chain,size_halve,4096,8191,2,189,4903700,3.16756,2502327724327708053
chain,size_halve,4096,8191,3,189,4876900,3.15025,2502327724327708053
chain,size_halve,4096,8191,4,189,4843000,3.12835,2502327724327708053
chain,size_halve,4096,8191,5,189,4871400,3.1467,2502327724327708053
chain,size_halve,4096,8191,6,189,4926500,3.18229,2502327724327708053
chain,quickfind,8192,16383,0,1,13710100,836.849,14497334776259011989
chain,quickfind,8192,16383,1,1,13571900,828.414,14497334776259011989
chain,quickfind,8192,16383,2,1,13656400,833.571,14497334776259011989
chain,quickfind,8192,16383,3,1,13617800,831.215,14497334776259011989
chain,quickfind,8192,16383,4,1,13554900,827.376,14497334776259011989
chain,quickfind,8192,16383,5,1,13636000,832.326,14497334776259011989
chain,quickfind,8192,16383,6,1,13739400,838.638,14497334776259011989
chain,naive_none,8192,16383,0,1,111794800,6823.83,14497334776259011989
chain,naive_none,8192,16383,1,1,112232800,6850.56,14497334776259011989
chain,naive_none,8192,16383,2,1,114059700,6962.08,14497334776259011989
chain,naive_none,8192,16383,3,1,112696000,6878.84,14497334776259011989
chain,naive_none,8192,16383,4,1,111295300,6793.34,14497334776259011989
chain,naive_none,8192,16383,5,1,111281300,6792.49,14497334776259011989
chain,naive_none,8192,16383,6,1,111285100,6792.72,14497334776259011989
chain,naive_compress,8192,16383,0,64,2014200,1.92101,14497334776259011989
chain,naive_compress,8192,16383,1,64,1996000,1.90365,14497334776259011989
chain,naive_compress,8192,16383,2,64,1994700,1.90241,14497334776259011989
chain,naive_compress,8192,16383,3,64,2000500,1.90794,14497334776259011989
chain,naive_compress,8192,16383,4,64,2107400,2.0099,14497334776259011989
chain,naive_compress,8192,16383,5,64,2098100,2.00103,14497334776259011989
chain,naive_compress,8192,16383,6,64,2018800,1.9254,14497334776259011989
chain,naive_halve,8192,16383,0,49,2873400,3.57937,14497334776259011989
chain,naive_halve,8192,16383,1,49,2751500,3.42752,14497334776259011989
chain,naive_halve,8192,16383,2,49,2758900,3.43674,14497334776259011989
chain,naive_halve,8192,16383,3,49,2886600,3.59581,14497334776259011989
chain,naive_halve,8192,16383,4,49,2781900,3.46539,14497334776259011989
chain,naive_halve,8192,16383,5,49,2755200,3.43213,14497334776259011989
chain,naive_halve,8192,16383,6,49,2695000,3.35714,14497334776259011989
chain,rank_none,8192,16383,0,84,2889700,2.09981,14497334776259011989
chain,rank_none,8192,16383,1,84,2995800,2.17691,14497334776259011989
chain,rank_none,8192,16383,2,84,2976700,2.16303,14497334776259011989
chain,rank_none,8192,16383,3,84,2931400,2.13011,14497334776259011989
chain,rank_none,8192,16383,4,84,2950400,2.14392,14497334776259011989
chain,rank_none,8192,16383,5,84,2886800,2.0977,14497334776259011989
chain,rank_none,8192,16383,6,84,2885200,2.09654,14497334776259011989
chain,rank_compress,8192,16383,0,85,2871600,2.06211,14497334776259011989
chain,rank_compress,8192,16383,1,85,2867600,2.05924,14497334776259011989
chain,rank_compress,8192,16383,2,85,2723100,1.95547,14497334776259011989
chain,rank_compress,8192,16383,3,85,2696100,1.93608,14497334776259011989
chain,rank_compress,8192,16383,4,85,2668400,1.91619,14497334776259011989
chain,rank_compress,8192,16383,5,85,2766900,1.98692,14497334776259011989
chain,rank_compress,8192,16383,6,85,2661500,1.91124,14497334776259011989
chain,rank_halve,8192,16383,0,90,4777800,3.24035,14497334776259011989
chain,rank_halve,8192,16383,1,90,4614900,3.12987,14497334776259011989
chain,rank_halve,8192,16383,2,90,4686600,3.1785,14497334776259011989
chain,rank_halve,8192,16383,3,90,4723600,3.20359,14497334776259011989
chain,rank_halve,8192,16383,4,90,4580600,3.10661,14497334776259011989
chain,rank_halve,8192,16383,5,90,4682900,3.17599,14497334776259011989
chain,rank_halve,8192,16383,6,90,4638400,3.14581,14497334776259011989
chain,size_none,8192,16383,0,120,4313000,2.19384,14497334776259011989
chain,size_none,8192,16383,1,120,4344500,2.20986,14497334776259011989
chain,size_none,8192,16383,2,120,4314600,2.19465,14497334776259011989
chain,size_none,8192,16383,3,120,4324800,2.19984,14497334776259011989
chain,size_none,8192,16383,4,120,4322400,2.19862,14497334776259011989
chain,size_none,8192,16383,5,120,4428400,2.25254,14497334776259011989
chain,size_none,8192,16383,6,120,4391100,2.23357,14497334776259011989
chain,size_compress,8192,16383,0,83,3661400,2.69262,14497334776259011989
chain,size_compress,8192,16383,1,83,3625300,2.66608,14497334776259011989
chain,size_compress,8192,16383,2,83,3547500,2.60886,14497334776259011989
chain,size_compress,8192,16383,3,83,3570500,2.62578,14497334776259011989
chain,size_compress,8192,16383,4,83,3528000,2.59452,14497334776259011989
chain,size_compress,8192,16383,5,83,3669600,2.69865,14497334776259011989
chain,size_compress,8192,16383,6,83,3751500,2.75888,14497334776259011989
chain,size_halve,8192,16383,0,65,3411100,3.20323,14497334776259011989
chain,size_halve,8192,16383,1,65,3329800,3.12688,14497334776259011989
chain,size_halve,8192,16383,2,65,3419400,3.21102,14497334776259011989
chain,size_halve,8192,16383,3,65,3341800,3.13815,14497334776259011989
chain,size_halve,8192,16383,4,65,3325600,3.12294,14497334776259011989
chain,size_halve,8192,16383,5,65,3355300,3.15083,14497334776259011989
chain,size_halve,8192,16383,6,65,3397800,3.19074,14497334776259011989
chain,quickfind,16384,32767,0,1,53819100,1642.48,2995457343886288277
chain,quickfind,16384,32767,1,1,53618500,1636.36,2995457343886288277
chain,quickfind,16384,32767,2,1,53876800,1644.24,2995457343886288277
chain,quickfind,16384,32767,3,1,53998800,1647.96,2995457343886288277
chain,quickfind,16384,32767,4,1,54511900,1663.62,2995457343886288277
chain,quickfind,16384,32767,5,1,53764900,1640.82,2995457343886288277
chain,quickfind,16384,32767,6,1,53993300,1647.8,2995457343886288277
chain,naive_none,16384,32767,0,1,454227300,13862.3,2995457343886288277
chain,naive_none,16384,32767,1,1,449786700,13726.8,2995457343886288277
chain,naive_none,16384,32767,2,1,451417800,13776.6,2995457343886288277
chain,naive_none,16384,32767,3,1,448064400,13674.3,2995457343886288277
chain,naive_none,16384,32767,4,1,448241500,13679.7,2995457343886288277
chain,naive_none,16384,32767,5,1,448210500,13678.7,2995457343886288277
chain,naive_none,16384,32767,6,1,448497200,13687.5,2995457343886288277
chain,naive_compress,16384,32767,0,43,2708400,1.92224,2995457343886288277
chain,naive_compress,16384,32767,1,43,2693600,1.91174,2995457343886288277
chain,naive_compress,16384,32767,2,43,3172200,2.25141,2995457343886288277
chain,naive_compress,16384,32767,3,43,2771800,1.96724,2995457343886288277
chain,naive_compress,16384,32767,4,43,2716100,1.92771,2995457343886288277
chain,naive_compress,16384,32767,5,43,2695200,1.91287,2995457343886288277
chain,naive_compress,16384,32767,6,43,2697500,1.9145,2995457343886288277
chain,naive_halve,16384,32767,0,25,3642600,4.44667,2995457343886288277
chain,naive_halve,16384,32767,1,25,3782200,4.61708,2995457343886288277
chain,naive_halve,16384,32767,2,25,3493700,4.2649,2995457343886288277
chain,naive_halve,16384,32767,3,25,3426800,4.18323,2995457343886288277
chain,naive_halve,16384,32767,4,25,3317500,4.04981,2995457343886288277
chain,naive_halve,16384,32767,5,25,3285000,4.01013,2995457343886288277
chain,naive_halve,16384,32767,6,25,3278900,4.00269,2995457343886288277
chain,rank_none,16384,32767,0,69,4740500,2.09671,2995457343886288277
chain,rank_none,16384,32767,1,69,4929400,2.18026,2995457343886288277
chain,rank_none,16384,32767,2,69,4742400,2.09755,2995457343886288277
chain,rank_none,16384,32767,3,69,4749700,2.10078,2995457343886288277
chain,rank_none,16384,32767,4,69,4820400,2.13205,2995457343886288277
chain,rank_none,16384,32767,5,69,4827100,2.13501,2995457343886288277
chain,rank_none,16384,32767,6,69,4737400,2.09534,2995457343886288277
chain,rank_compress,16384,32767,0,74,4757900,1.96222,2995457343886288277
chain,rank_compress,16384,32767,1,74,4640700,1.91388,2995457343886288277
chain,rank_compress,16384,32767,2,74,4721100,1.94704,2995457343886288277
chain,rank_compress,16384,32767,3,74,4631900,1.91025,2995457343886288277
chain,rank_compress,16384,32767,4,74,4770500,1.96741,2995457343886288277
chain,rank_compress,16384,32767,5,74,4635500,1.91174,2995457343886288277
chain,rank_compress,16384,32767,6,74,4769900,1.96717,2995457343886288277
chain,rank_halve,16384,32767,0,44,4637300,3.21644,2995457343886288277
chain,rank_halve,16384,32767,1,44,4548200,3.15464,2995457343886288277
chain,rank_halve,16384,32767,2,44,4730000,3.28074,2995457343886288277
chain,rank_halve,16384,32767,3,44,4635000,3.21485,2995457343886288277
chain,rank_halve,16384,32767,4,44,4600100,3.19064,2995457343886288277
chain,rank_halve,16384,32767,5,44,4550200,3.15603,2995457343886288277
chain,rank_halve,16384,32767,6,44,4599800,3.19043,2995457343886288277
chain,size_none,16384,32767,0,53,3914400,2.25399,2995457343886288277
chain,size_none,16384,32767,1,53,3819000,2.19906,2995457343886288277
chain,size_none,16384,32767,2,53,3823900,2.20188,2995457343886288277
chain,size_none,16384,32767,3,53,3892600,2.24144,2995457343886288277
chain,size_none,16384,32767,4,53,3874900,2.23125,2995457343886288277
chain,size_none,16384,32767,5,53,3876600,2.23223,2995457343886288277
chain,size_none,16384,32767,6,53,3827300,2.20384,2995457343886288277
chain,size_compress,16384,32767,0,57,4938900,2.64435,2995457343886288277
chain,size_compress,16384,32767,1,57,4871300,2.60815,2995457343886288277
chain,size_compress,16384,32767,2,57,4919900,2.63418,2995457343886288277
chain,size_compress,16384,32767,3,57,5083600,2.72182,2995457343886288277
chain,size_compress,16384,32767,4,57,4877200,2.61131,2995457343886288277
chain,size_compress,16384,32767,5,57,4925300,2.63707,2995457343886288277
chain,size_compress,16384,32767,6,57,4907100,2.62732,2995457343886288277
chain,size_halve,16384,32767,0,47,4899400,3.18133,2995457343886288277
chain,size_halve,16384,32767,1,47,4903000,3.18366,2995457343886288277
chain,size_halve,16384,32767,2,47,5037300,3.27087,2995457343886288277
chain,size_halve,16384,32767,3,47,5061100,3.28632,2995457343886288277
chain,size_halve,16384,32767,4,47,4945100,3.211,2995457343886288277
chain,size_halve,16384,32767,5,47,5050500,3.27944,2995457343886288277
chain,size_halve,16384,32767,6,47,4946200,3.21172,2995457343886288277
chain,quickfind,32768,65535,0,1,214069500,3266.49,9853420985730753941
chain,quickfind,32768,65535,1,1,216772200,3307.73,9853420985730753941
chain,quickfind,32768,65535,2,1,214094200,3266.87,9853420985730753941
chain,quickfind,32768,65535,3,1,214589000,3274.42,9853420985730753941
chain,quickfind,32768,65535,4,1,216587700,3304.92,9853420985730753941
chain,quickfind,32768,65535,5,1,215163900,3283.19,9853420985730753941
chain,quickfind,32768,65535,6,1,213802200,3262.41,9853420985730753941
chain,naive_none,32768,65535,0,1,1788300900,27287.7,9853420985730753941
chain,naive_none,32768,65535,1,1,1786845000,27265.5,9853420985730753941
chain,naive_none,32768,65535,2,1,1785950600,27251.9,9853420985730753941
chain,naive_none,32768,65535,3,1,1783153600,27209.2,9853420985730753941
chain,naive_none,32768,65535,4,1,1779280300,27150.1,9853420985730753941
chain,naive_none,32768,65535,5,1,1782755100,27203.1,9853420985730753941
chain,naive_none,32768,65535,6,1,1786712600,27263.5,9853420985730753941
chain,naive_compress,32768,65535,0,26,3304600,1.93942,9853420985730753941
chain,naive_compress,32768,65535,1,26,3273000,1.92088,9853420985730753941
chain,naive_compress,32768,65535,2,26,3345200,1.96325,9853420985730753941
chain,naive_compress,32768,65535,3,26,3368900,1.97716,9853420985730753941
chain,naive_compress,32768,65535,4,26,3304600,1.93942,9853420985730753941
chain,naive_compress,32768,65535,5,26,3367200,1.97616,9853420985730753941
chain,naive_compress,32768,65535,6,26,3266200,1.91689,9853420985730753941
chain,naive_halve,32768,65535,0,15,4566300,4.64515,9853420985730753941
chain,naive_halve,32768,65535,1,15,4360400,4.4357,9853420985730753941
chain,naive_halve,32768,65535,2,15,4542800,4.62125,9853420985730753941
chain,naive_halve,32768,65535,3,15,4729700,4.81137,9853420985730753941
chain,naive_halve,32768,65535,4,15,4519200,4.59724,9853420985730753941
chain,naive_halve,32768,65535,5,15,4485800,4.56326,9853420985730753941
chain,naive_halve,32768,65535,6,15,4412300,4.48849,9853420985730753941
chain,rank_none,32768,65535,0,34,4867000,2.18428,9853420985730753941
chain,rank_none,32768,65535,1,34,4695100,2.10714,9853420985730753941
chain,rank_none,32768,65535,2,34,4807100,2.1574,9853420985730753941
chain,rank_none,32768,65535,3,34,4709800,2.11373,9853420985730753941
chain,rank_none,32768,65535,4,34,4750200,2.13186,9853420985730753941
chain,rank_none,32768,65535,5,34,4887200,2.19335,9853420985730753941
chain,rank_none,32768,65535,6,34,4792200,2.15071,9853420985730753941
chain,rank_compress,32768,65535,0,27,3399300,1.92111,9853420985730753941
chain,rank_compress,32768,65535,1,27,3389700,1.91569,9853420985730753941
chain,rank_compress,32768,65535,2,27,3570700,2.01798,9853420985730753941
chain,rank_compress,32768,65535,3,27,3489200,1.97192,9853420985730753941
chain,rank_compress,32768,65535,4,27,3430300,1.93863,9853420985730753941
chain,rank_compress,32768,65535,5,27,3403500,1.92348,9853420985730753941
chain,rank_compress,32768,65535,6,27,3474000,1.96333,9853420985730753941
chain,rank_halve,32768,65535,0,23,4832400,3.20599,9853420985730753941
chain,rank_halve,32768,65535,1,23,4797300,3.1827,9853420985730753941
chain,rank_halve,32768,65535,2,23,4802000,3.18582,9853420985730753941
chain,rank_halve,32768,65535,3,23,4868900,3.2302,9853420985730753941
chain,rank_halve,32768,65535,4,23,4793400,3.18011,9853420985730753941
chain,rank_halve,32768,65535,5,23,4815600,3.19484,9853420985730753941
chain,rank_halve,32768,65535,6,23,5031500,3.33808,9853420985730753941
chain,size_none,32768,65535,0,26,3792000,2.22547,9853420985730753941
chain,size_none,32768,65535,1,26,3752200,2.20211,9853420985730753941
chain,size_none,32768,65535,2,26,3836200,2.25141,9853420985730753941
chain,size_none,32768,65535,3,26,3876700,2.27518,9853420985730753941
chain,size_none,32768,65535,4,26,3754500,2.20346,9853420985730753941
chain,size_none,32768,65535,5,26,3779700,2.21825,9853420985730753941
chain,size_none,32768,65535,6,26,3876000,2.27477,9853420985730753941
chain,size_compress,32768,65535,0,27,4992700,2.82162,9853420985730753941
chain,size_compress,32768,65535,1,27,4738600,2.67801,9853420985730753941
chain,size_compress,32768,65535,2,27,4711200,2.66253,9853420985730753941
chain,size_compress,32768,65535,3,27,4661400,2.63439,9853420985730753941
chain,size_compress,32768,65535,4,27,4609200,2.60488,9853420985730753941
chain,size_compress,32768,65535,5,27,4683400,2.64682,9853420985730753941
chain,size_compress,32768,65535,6,27,4642100,2.62348,9853420985730753941
chain,size_halve,32768,65535,0,21,4407700,3.20272,9853420985730753941
chain,size_halve,32768,65535,1,21,4506700,3.27466,9853420985730753941
chain,size_halve,32768,65535,2,21,4453600,3.23608,9853420985730753941
chain,size_halve,32768,65535,3,21,4482000,3.25671,9853420985730753941
chain,size_halve,32768,65535,4,21,4435200,3.22271,9853420985730753941
chain,size_halve,32768,65535,5,21,4533600,3.2942,9853420985730753941
chain,size_halve,32768,65535,6,21,4522400,3.28607,9853420985730753941
chain,quickfind,65536,131071,0,1,865509900,6603.37,405799445418632597
chain,quickfind,65536,131071,1,1,941509300,7183.2,405799445418632597
chain,quickfind,65536,131071,2,1,880313000,6716.31,405799445418632597
chain,quickfind,65536,131071,3,1,866958500,6614.42,405799445418632597
chain,quickfind,65536,131071,4,1,855840600,6529.6,405799445418632597
chain,quickfind,65536,131071,5,1,851276300,6494.77,405799445418632597
chain,quickfind,65536,131071,6,1,853416400,6511.1,405799445418632597
chain,naive_none,65536,131071,0,1,7157406300,54607.1,405799445418632597
chain,naive_none,65536,131071,1,1,7163193000,54651.2,405799445418632597
chain,naive_none,65536,131071,2,1,7141894500,54488.7,405799445418632597
chain,naive_none,65536,131071,3,1,7131224200,54407.3,405799445418632597
chain,naive_none,65536,131071,4,1,7117605900,54303.4,405799445418632597
chain,naive_none,65536,131071,5,1,7150159900,54551.8,405799445418632597
chain,naive_none,65536,131071,6,1,7142015800,54489.7,405799445418632597
chain,naive_compress,65536,131071,0,15,4263200,2.16839,405799445418632597
chain,naive_compress,65536,131071,1,15,3858300,1.96245,405799445418632597
chain,naive_compress,65536,131071,2,15,3817700,1.9418,405799445418632597
chain,naive_compress,65536,131071,3,15,3945400,2.00675,405799445418632597
chain,naive_compress,65536,131071,4,15,3775600,1.92038,405799445418632597
chain,naive_compress,65536,131071,5,15,3798700,1.93213,405799445418632597
chain,naive_compress,65536,131071,6,15,3774600,1.91988,405799445418632597
chain,naive_halve,65536,131071,0,8,4953200,4.72378,405799445418632597
chain,naive_halve,65536,131071,1,8,4815300,4.59226,405799445418632597
chain,naive_halve,65536,131071,2,8,4870200,4.64462,405799445418632597
chain,naive_halve,65536,131071,3,8,4971000,4.74075,405799445418632597
chain,naive_halve,65536,131071,4,8,4820300,4.59703,405799445418632597
chain,naive_halve,65536,131071,5,8,4823600,4.60018,405799445418632597
chain,naive_halve,65536,131071,6,8,5009400,4.77737,405799445418632597
chain,rank_none,65536,131071,0,16,4534600,2.16228,405799445418632597
chain,rank_none,65536,131071,1,16,4432300,2.1135,405799445418632597
chain,rank_none,65536,131071,2,16,4512500,2.15174,405799445418632597
chain,rank_none,65536,131071,3,16,4545300,2.16738,405799445418632597
chain,rank_none,65536,131071,4,16,4447300,2.12065,405799445418632597
chain,rank_none,65536,131071,5,16,4478200,2.13539,405799445418632597
chain,rank_none,65536,131071,6,16,4677500,2.23042,405799445418632597
chain,rank_compress,65536,131071,0,16,4048200,1.93035,405799445418632597
chain,rank_compress,65536,131071,1,16,4042200,1.92749,405799445418632597
chain,rank_compress,65536,131071,2,16,4180000,1.99319,405799445418632597
chain,rank_compress,65536,131071,3,16,4160100,1.98371,405799445418632597
chain,rank_compress,65536,131071,4,16,4037900,1.92544,405799445418632597
chain,rank_compress,65536,131071,5,16,4040000,1.92644,405799445418632597
chain,rank_compress,65536,131071,6,16,4380600,2.08885,405799445418632597
chain,rank_halve,65536,131071,0,12,5112000,3.25015,405799445418632597
chain,rank_halve,65536,131071,1,12,5133900,3.26407,405799445418632597
chain,rank_halve,65536,131071,2,12,5066800,3.22141,405799445418632597
chain,rank_halve,65536,131071,3,12,5118200,3.25409,405799445418632597
chain,rank_halve,65536,131071,4,12,5137400,3.2663,405799445418632597
chain,rank_halve,65536,131071,5,12,5088300,3.23508,405799445418632597
chain,rank_halve,65536,131071,6,12,5151400,3.2752,405799445418632597
chain,size_none,65536,131071,0,15,4487700,2.28258,405799445418632597
chain,size_none,65536,131071,1,15,4389900,2.23284,405799445418632597
chain,size_none,65536,131071,2,15,4516300,2.29713,405799445418632597
chain,size_none,65536,131071,3,15,4448000,2.26239,405799445418632597
chain,size_none,65536,131071,4,15,4381800,2.22872,405799445418632597
chain,size_none,65536,131071,5,15,4430600,2.25354,405799445418632597
chain,size_none,65536,131071,6,15,4455500,2.2662,405799445418632597
chain,size_compress,65536,131071,0,14,5069300,2.76257,405799445418632597
chain,size_compress,65536,131071,1,14,4854500,2.64551,405799445418632597
chain,size_compress,65536,131071,2,14,4926100,2.68453,405799445418632597
chain,size_compress,65536,131071,3,14,4859700,2.64835,405799445418632597
chain,size_compress,65536,131071,4,14,4794400,2.61276,405799445418632597
chain,size_compress,65536,131071,5,14,4859600,2.64829,405799445418632597
chain,size_compress,65536,131071,6,14,4986600,2.7175,405799445418632597
chain,size_halve,65536,131071,0,12,5098800,3.24175,405799445418632597
chain,size_halve,65536,131071,1,12,5424200,3.44864,405799445418632597
chain,size_halve,65536,131071,2,12,5130900,3.26216,405799445418632597
chain,size_halve,65536,131071,3,12,5105300,3.24589,405799445418632597
chain,size_halve,65536,131071,4,12,5248400,3.33687,405799445418632597
chain,size_halve,65536,131071,5,12,5245300,3.3349,405799445418632597
chain,size_halve,65536,131071,6,12,5151400,3.2752,405799445418632597
chain,quickfind,131072,262143,0,1,3378354400,12887.4,2351575278154048917
chain,quickfind,131072,262143,1,1,3373268600,12868,2351575278154048917
chain,quickfind,131072,262143,2,1,3380167800,12894.4,2351575278154048917
chain,quickfind,131072,262143,3,1,3378611600,12888.4,2351575278154048917
chain,quickfind,131072,262143,4,1,3363093800,12829.2,2351575278154048917
chain,quickfind,131072,262143,5,1,3359368200,12815,2351575278154048917
chain,quickfind,131072,262143,6,1,3355140500,12798.9,2351575278154048917
chain,naive_none,131072,262143,0,1,28770383100,109751,2351575278154048917
chain,naive_none,131072,262143,1,1,28635904800,109238,2351575278154048917
chain,naive_none,131072,262143,2,1,28557451300,108938,2351575278154048917
chain,naive_none,131072,262143,3,1,28664991300,109349,2351575278154048917
chain,naive_none,131072,262143,4,1,28765906200,109734,2351575278154048917
chain,naive_none,131072,262143,5,1,28636724800,109241,2351575278154048917
chain,naive_none,131072,262143,6,1,28705287800,109502,2351575278154048917
chain,naive_compress,131072,262143,0,9,4633100,1.96377,2351575278154048917
chain,naive_compress,131072,262143,1,9,4637600,1.96568,2351575278154048917
chain,naive_compress,131072,262143,2,9,4585300,1.94351,2351575278154048917
chain,naive_compress,131072,262143,3,9,4529000,1.91965,2351575278154048917
chain,naive_compress,131072,262143,4,9,4673500,1.9809,2351575278154048917
chain,naive_compress,131072,262143,5,9,4626400,1.96093,2351575278154048917
chain,naive_compress,131072,262143,6,9,4691900,1.98869,2351575278154048917
chain,naive_halve,131072,262143,0,4,5325700,5.079,2351575278154048917
chain,naive_halve,131072,262143,1,4,4992800,4.76152,2351575278154048917
chain,naive_halve,131072,262143,2,4,4924700,4.69658,2351575278154048917
chain,naive_halve,131072,262143,3,4,5180300,4.94034,2351575278154048917
chain,naive_halve,131072,262143,4,4,4903700,4.67655,2351575278154048917
chain,naive_halve,131072,262143,5,4,4975100,4.74464,2351575278154048917
chain,naive_halve,131072,262143,6,4,5275000,5.03065,2351575278154048917
chain,rank_none,131072,262143,0,8,5113300,2.43822,2351575278154048917
chain,rank_none,131072,262143,1,8,5276500,2.51604,2351575278154048917
chain,rank_none,131072,262143,2,8,5118600,2.44075,2351575278154048917
chain,rank_none,131072,262143,3,8,5151000,2.4562,2351575278154048917
chain,rank_none,131072,262143,4,8,5226000,2.49196,2351575278154048917
chain,rank_none,131072,262143,5,8,5300700,2.52758,2351575278154048917
chain,rank_none,131072,262143,6,8,5124000,2.44332,2351575278154048917
chain,rank_compress,131072,262143,0,8,5118600,2.44075,2351575278154048917
chain,rank_compress,131072,262143,1,8,4999800,2.3841,2351575278154048917
chain,rank_compress,131072,262143,2,8,5003800,2.38601,2351575278154048917
chain,rank_compress,131072,262143,3,8,5142600,2.45219,2351575278154048917
chain,rank_compress,131072,262143,4,8,5596700,2.66872,2351575278154048917
chain,rank_compress,131072,262143,5,8,5494200,2.61985,2351575278154048917
chain,rank_compress,131072,262143,6,8,5463400,2.60516,2351575278154048917
chain,rank_halve,131072,262143,0,6,5821600,3.70129,2351575278154048917
chain,rank_halve,131072,262143,1,6,5776700,3.67274,2351575278154048917
chain,rank_halve,131072,262143,2,6,5960200,3.78941,2351575278154048917
chain,rank_halve,131072,262143,3,6,6226300,3.95859,2351575278154048917
chain,rank_halve,131072,262143,4,6,5824200,3.70294,2351575278154048917
chain,rank_halve,131072,262143,5,6,5755900,3.65952,2351575278154048917
chain,rank_halve,131072,262143,6,6,5667300,3.60319,2351575278154048917
chain,size_none,131072,262143,0,6,5744300,3.65214,2351575278154048917
chain,size_none,131072,262143,1,6,6007400,3.81942,2351575278154048917
chain,size_none,131072,262143,2,6,6780200,4.31075,2351575278154048917
chain,size_none,131072,262143,3,6,5772000,3.66975,2351575278154048917
chain,size_none,131072,262143,4,6,5816900,3.6983,2351575278154048917
chain,size_none,131072,262143,5,6,5503000,3.49873,2351575278154048917
chain,size_none,131072,262143,6,6,5671500,3.60586,2351575278154048917
chain,size_compress,131072,262143,0,6,5875300,3.73543,2351575278154048917
chain,size_compress,131072,262143,1,6,5875400,3.73549,2351575278154048917
chain,size_compress,131072,262143,2,6,6534300,4.15441,2351575278154048917
chain,size_compress,131072,262143,3,6,7568400,4.81188,2351575278154048917
chain,size_compress,131072,262143,4,6,8175700,5.19799,2351575278154048917
chain,size_compress,131072,262143,5,6,7976900,5.0716,2351575278154048917
chain,size_compress,131072,262143,6,6,8020000,5.099,2351575278154048917
chain,size_halve,131072,262143,0,5,6913600,5.27468,2351575278154048917
chain,size_halve,131072,262143,1,5,6892200,5.25835,2351575278154048917
chain,size_halve,131072,262143,2,5,6344800,4.84072,2351575278154048917
chain,size_halve,131072,262143,3,5,6709000,5.11858,2351575278154048917
chain,size_halve,131072,262143,4,5,7009700,5.348,2351575278154048917
chain,size_halve,131072,262143,5,5,6943900,5.2978,2351575278154048917
chain,size_halve,131072,262143,6,5,6783600,5.1755,2351575278154048917
chain,naive_compress,262144,524287,0,3,6150600,3.91045,1444736291658687893
chain,naive_compress,262144,524287,1,3,7117600,4.52526,1444736291658687893
chain,naive_compress,262144,524287,2,3,9279100,5.8995,1444736291658687893
chain,naive_compress,262144,524287,3,3,6555800,4.16807,1444736291658687893
chain,naive_compress,262144,524287,4,3,6070900,3.85978,1444736291658687893
chain,naive_compress,262144,524287,5,3,6075500,3.86271,1444736291658687893
chain,naive_compress,262144,524287,6,3,4976900,3.16423,1444736291658687893
chain,naive_halve,262144,524287,0,2,5571100,5.31303,1444736291658687893
chain,naive_halve,262144,524287,1,2,5546500,5.28956,1444736291658687893
chain,naive_halve,262144,524287,2,2,6631700,6.32449,1444736291658687893
chain,naive_halve,262144,524287,3,2,6912200,6.592,1444736291658687893
chain,naive_halve,262144,524287,4,2,7167900,6.83586,1444736291658687893
chain,naive_halve,262144,524287,5,2,5937800,5.66274,1444736291658687893
chain,naive_halve,262144,524287,6,2,5763800,5.4968,1444736291658687893
chain,rank_none,262144,524287,0,4,7292200,3.4772,1444736291658687893
chain,rank_none,262144,524287,1,4,7557000,3.60347,1444736291658687893
chain,rank_none,262144,524287,2,4,7136200,3.40281,1444736291658687893
chain,rank_none,262144,524287,3,4,7282400,3.47253,1444736291658687893
chain,rank_none,262144,524287,4,4,6536500,3.11685,1444736291658687893
chain,rank_none,262144,524287,5,4,8596600,4.09919,1444736291658687893
chain,rank_none,262144,524287,6,4,7382400,3.52021,1444736291658687893
chain,rank_compress,262144,524287,0,3,5448500,3.46407,1444736291658687893
chain,rank_compress,262144,524287,1,3,4909100,3.12113,1444736291658687893
chain,rank_compress,262144,524287,2,3,5073100,3.2254,1444736291658687893
chain,rank_compress,262144,524287,3,3,5189200,3.29921,1444736291658687893
chain,rank_compress,262144,524287,4,3,4769000,3.03205,1444736291658687893
chain,rank_compress,262144,524287,5,3,5243500,3.33373,1444736291658687893
chain,rank_compress,262144,524287,6,3,4709200,2.99403,1444736291658687893
chain,rank_halve,262144,524287,0,2,4248200,4.05141,1444736291658687893
chain,rank_halve,262144,524287,1,2,4210600,4.01555,1444736291658687893
chain,rank_halve,262144,524287,2,2,4874400,4.6486,1444736291658687893
chain,rank_halve,262144,524287,3,2,4256000,4.05885,1444736291658687893
chain,rank_halve,262144,524287,4,2,4242600,4.04607,1444736291658687893
chain,rank_halve,262144,524287,5,2,5228200,4.98601,1444736291658687893
chain,rank_halve,262144,524287,6,2,4194800,4.00048,1444736291658687893
chain,size_none,262144,524287,0,3,5624500,3.57597,1444736291658687893
chain,size_none,262144,524287,1,3,5295100,3.36654,1444736291658687893
chain,size_none,262144,524287,2,3,5669500,3.60458,1444736291658687893
chain,size_none,262144,524287,3,3,5274100,3.35319,1444736291658687893
chain,size_none,262144,524287,4,3,6146400,3.90778,1444736291658687893
chain,size_none,262144,524287,5,3,6486100,4.12376,1444736291658687893
chain,size_none,262144,524287,6,3,6168900,3.92209,1444736291658687893
chain,size_compress,262144,524287,0,3,5500100,3.49688,1444736291658687893
chain,size_compress,262144,524287,1,3,5502900,3.49866,1444736291658687893
chain,size_compress,262144,524287,2,3,5723100,3.63866,1444736291658687893
chain,size_compress,262144,524287,3,3,6098300,3.8772,1444736291658687893
chain,size_compress,262144,524287,4,3,6186100,3.93302,1444736291658687893
chain,size_compress,262144,524287,5,3,6028800,3.83302,1444736291658687893
chain,size_compress,262144,524287,6,3,5279100,3.35637,1444736291658687893
chain,size_halve,262144,524287,0,3,6359100,4.04301,1444736291658687893
chain,size_halve,262144,524287,1,3,6223400,3.95674,1444736291658687893
chain,size_halve,262144,524287,2,3,6453100,4.10278,1444736291658687893
chain,size_halve,262144,524287,3,3,6397300,4.0673,1444736291658687893
chain,size_halve,262144,524287,4,3,6608700,4.20171,1444736291658687893
chain,size_halve,262144,524287,5,3,6147200,3.90829,1444736291658687893
chain,size_halve,262144,524287,6,3,6061800,3.854,1444736291658687893
chain,naive_compress,524288,1048575,0,2,6490600,3.09496,13007528215946618261
chain,naive_compress,524288,1048575,1,2,6383400,3.04385,13007528215946618261
chain,naive_compress,524288,1048575,2,2,6684100,3.18723,13007528215946618261
chain,naive_compress,524288,1048575,3,2,5797600,2.76451,13007528215946618261
chain,naive_compress,524288,1048575,4,2,6413900,3.05839,13007528215946618261
chain,naive_compress,524288,1048575,5,2,6228200,2.96984,13007528215946618261
chain,naive_compress,524288,1048575,6,2,6568400,3.13206,13007528215946618261
chain,naive_halve,524288,1048575,0,1,6645600,6.33774,13007528215946618261
chain,naive_halve,524288,1048575,1,1,6354700,6.06032,13007528215946618261
chain,naive_halve,524288,1048575,2,1,6019000,5.74017,13007528215946618261
chain,naive_halve,524288,1048575,3,1,6294700,6.0031,13007528215946618261
chain,naive_halve,524288,1048575,4,1,5841800,5.57118,13007528215946618261
chain,naive_halve,524288,1048575,5,1,5986300,5.70899,13007528215946618261
chain,naive_halve,524288,1048575,6,1,5980600,5.70355,13007528215946618261
chain,rank_none,524288,1048575,0,2,5766500,2.74968,13007528215946618261
chain,rank_none,524288,1048575,1,2,5894900,2.81091,13007528215946618261
chain,rank_none,524288,1048575,2,2,5889200,2.80819,13007528215946618261
chain,rank_none,524288,1048575,3,2,5878300,2.80299,13007528215946618261
chain,rank_none,524288,1048575,4,2,5920700,2.82321,13007528215946618261
chain,rank_none,524288,1048575,5,2,6176000,2.94495,13007528215946618261
chain,rank_none,524288,1048575,6,2,5850200,2.7896,13007528215946618261
chain,rank_compress,524288,1048575,0,2,5354800,2.55337,13007528215946618261
chain,rank_compress,524288,1048575,1,2,5463700,2.6053,13007528215946618261
chain,rank_compress,524288,1048575,2,2,5404400,2.57702,13007528215946618261
chain,rank_compress,524288,1048575,3,2,5320000,2.53678,13007528215946618261
chain,rank_compress,524288,1048575,4,2,5670000,2.70367,13007528215946618261
chain,rank_compress,524288,1048575,5,2,5406400,2.57797,13007528215946618261
chain,rank_compress,524288,1048575,6,2,6761200,3.22399,13007528215946618261
chain,rank_halve,524288,1048575,0,2,8280500,3.94845,13007528215946618261
chain,rank_halve,524288,1048575,1,2,8293800,3.9548,13007528215946618261
chain,rank_halve,524288,1048575,2,2,8209300,3.9145,13007528215946618261
chain,rank_halve,524288,1048575,3,2,9483900,4.52228,13007528215946618261
chain,rank_halve,524288,1048575,4,2,8481900,4.04449,13007528215946618261
chain,rank_halve,524288,1048575,5,2,8587300,4.09475,13007528215946618261
chain,rank_halve,524288,1048575,6,2,8730800,4.16317,13007528215946618261
chain,size_none,524288,1048575,0,2,7206200,3.43619,13007528215946618261
chain,size_none,524288,1048575,1,2,7626400,3.63655,13007528215946618261
chain,size_none,524288,1048575,2,2,8478700,4.04296,13007528215946618261
chain,size_none,524288,1048575,3,2,11330000,5.40257,13007528215946618261
chain,size_none,524288,1048575,4,2,9157400,4.36659,13007528215946618261
chain,size_none,524288,1048575,5,2,8995200,4.28925,13007528215946618261
chain,size_none,524288,1048575,6,2,7481500,3.56746,13007528215946618261
chain,size_compress,524288,1048575,0,2,7741900,3.69163,13007528215946618261
chain,size_compress,524288,1048575,1,2,6672300,3.1816,13007528215946618261
chain,size_compress,524288,1048575,2,2,7034100,3.35412,13007528215946618261
chain,size_compress,524288,1048575,3,2,6883300,3.28222,13007528215946618261
chain,size_compress,524288,1048575,4,2,7774700,3.70727,13007528215946618261
chain,size_compress,524288,1048575,5,2,6766900,3.22671,13007528215946618261
chain,size_compress,524288,1048575,6,2,7341600,3.50075,13007528215946618261
chain,size_halve,524288,1048575,0,2,8381500,3.99661,13007528215946618261
chain,size_halve,524288,1048575,1,2,8691900,4.14462,13007528215946618261
chain,size_halve,524288,1048575,2,2,8137300,3.88017,13007528215946618261
chain,size_halve,524288,1048575,3,2,8549500,4.07672,13007528215946618261
chain,size_halve,524288,1048575,4,2,8471400,4.03948,13007528215946618261
chain,size_halve,524288,1048575,5,2,8153800,3.88804,13007528215946618261
chain,size_halve,524288,1048575,6,2,8403500,4.0071,13007528215946618261
chain,naive_compress,1048576,2097151,0,1,5910800,2.81849,18157858368012576149
chain,naive_compress,1048576,2097151,1,1,5723100,2.72899,18157858368012576149
chain,naive_compress,1048576,2097151,2,1,6316300,3.01185,18157858368012576149
chain,naive_compress,1048576,2097151,3,1,8526000,4.06552,18157858368012576149
chain,naive_compress,1048576,2097151,4,1,5979500,2.85125,18157858368012576149
chain,naive_compress,1048576,2097151,5,1,5662700,2.70019,18157858368012576149
chain,naive_compress,1048576,2097151,6,1,5986500,2.85459,18157858368012576149
chain,naive_halve,1048576,2097151,0,1,11997200,5.72071,18157858368012576149
chain,naive_halve,1048576,2097151,1,1,11677800,5.56841,18157858368012576149
chain,naive_halve,1048576,2097151,2,1,11780900,5.61757,18157858368012576149
chain,naive_halve,1048576,2097151,3,1,11728400,5.59254,18157858368012576149
chain,naive_halve,1048576,2097151,4,1,11698700,5.57838,18157858368012576149
chain,naive_halve,1048576,2097151,5,1,11531400,5.4986,18157858368012576149
chain,naive_halve,1048576,2097151,6,1,11755200,5.60532,18157858368012576149
chain,rank_none,1048576,2097151,0,1,7152800,3.41072,18157858368012576149
chain,rank_none,1048576,2097151,1,1,5900900,2.81377,18157858368012576149
chain,rank_none,1048576,2097151,2,1,8897400,4.24261,18157858368012576149
chain,rank_none,1048576,2097151,3,1,11039800,5.26419,18157858368012576149
chain,rank_none,1048576,2097151,4,1,7742000,3.69168,18157858368012576149
chain,rank_none,1048576,2097151,5,1,6169800,2.94199,18157858368012576149
chain,rank_none,1048576,2097151,6,1,6928800,3.30391,18157858368012576149
chain,rank_compress,1048576,2097151,0,1,5459900,2.60348,18157858368012576149
chain,rank_compress,1048576,2097151,1,1,6246500,2.97856,18157858368012576149
chain,rank_compress,1048576,2097151,2,1,5467400,2.60706,18157858368012576149
chain,rank_compress,1048576,2097151,3,1,6031200,2.8759,18157858368012576149
chain,rank_compress,1048576,2097151,4,1,6945900,3.31206,18157858368012576149
chain,rank_compress,1048576,2097151,5,1,6807000,3.24583,18157858368012576149
chain,rank_compress,1048576,2097151,6,1,5536400,2.63996,18157858368012576149
chain,rank_halve,1048576,2097151,0,1,8851700,4.22082,18157858368012576149
chain,rank_halve,1048576,2097151,1,1,8949400,4.26741,18157858368012576149
chain,rank_halve,1048576,2097151,2,1,9568700,4.56271,18157858368012576149
chain,rank_halve,1048576,2097151,3,1,9139300,4.35796,18157858368012576149
chain,rank_halve,1048576,2097151,4,1,8759900,4.17705,18157858368012576149
chain,rank_halve,1048576,2097151,5,1,8757100,4.17571,18157858368012576149
chain,rank_halve,1048576,2097151,6,1,9260900,4.41594,18157858368012576149
chain,size_none,1048576,2097151,0,1,11873200,5.66159,18157858368012576149
chain,size_none,1048576,2097151,1,1,14837000,7.07484,18157858368012576149
chain,size_none,1048576,2097151,2,1,12935100,6.16794,18157858368012576149
chain,size_none,1048576,2097151,3,1,11449000,5.45931,18157858368012576149
chain,size_none,1048576,2097151,4,1,7682200,3.66316,18157858368012576149
chain,size_none,1048576,2097151,5,1,7408200,3.53251,18157858368012576149
chain,size_none,1048576,2097151,6,1,6897900,3.28918,18157858368012576149
chain,size_compress,1048576,2097151,0,1,7692400,3.66802,18157858368012576149
chain,size_compress,1048576,2097151,1,1,7200100,3.43328,18157858368012576149
chain,size_compress,1048576,2097151,2,1,6875300,3.2784,18157858368012576149
chain,size_compress,1048576,2097151,3,1,7272300,3.4677,18157858368012576149
chain,size_compress,1048576,2097151,4,1,7891700,3.76306,18157858368012576149
chain,size_compress,1048576,2097151,5,1,7735200,3.68843,18157858368012576149
chain,size_compress,1048576,2097151,6,1,7059000,3.366,18157858368012576149
chain,size_halve,1048576,2097151,0,1,9166800,4.37107,18157858368012576149
chain,size_halve,1048576,2097151,1,1,9337100,4.45228,18157858368012576149
chain,size_halve,1048576,2097151,2,1,9259100,4.41509,18157858368012576149
chain,size_halve,1048576,2097151,3,1,9481900,4.52132,18157858368012576149
chain,size_halve,1048576,2097151,4,1,9429200,4.4962,18157858368012576149
chain,size_halve,1048576,2097151,5,1,9062200,4.3212,18157858368012576149
chain,size_halve,1048576,2097151,6,1,9727000,4.6382,18157858368012576149
chain,naive_compress,2097152,4194303,0,1,15441700,3.68159,11897736107233535381
chain,naive_compress,2097152,4194303,1,1,22672200,5.40547,11897736107233535381
chain,naive_compress,2097152,4194303,2,1,21244800,5.06516,11897736107233535381
chain,naive_compress,2097152,4194303,3,1,26928400,6.42023,11897736107233535381
chain,naive_compress,2097152,4194303,4,1,18126900,4.32179,11897736107233535381
chain,naive_compress,2097152,4194303,5,1,13777200,3.28474,11897736107233535381
chain,naive_compress,2097152,4194303,6,1,31579300,7.52909,11897736107233535381
chain,naive_halve,2097152,4194303,0,1,27804600,6.62913,11897736107233535381
chain,naive_halve,2097152,4194303,1,1,27588700,6.57766,11897736107233535381
chain,naive_halve,2097152,4194303,2,1,27850200,6.64001,11897736107233535381
chain,naive_halve,2097152,4194303,3,1,27789700,6.62558,11897736107233535381
chain,naive_halve,2097152,4194303,4,1,26924700,6.41935,11897736107233535381
chain,naive_halve,2097152,4194303,5,1,25613700,6.10678,11897736107233535381
chain,naive_halve,2097152,4194303,6,1,28121800,6.70476,11897736107233535381
chain,rank_none,2097152,4194303,0,1,23805000,5.67556,11897736107233535381
chain,rank_none,2097152,4194303,1,1,22587800,5.38535,11897736107233535381
chain,rank_none,2097152,4194303,2,1,22531300,5.37188,11897736107233535381
chain,rank_none,2097152,4194303,3,1,23209900,5.53367,11897736107233535381
chain,rank_none,2097152,4194303,4,1,25088200,5.98149,11897736107233535381
chain,rank_none,2097152,4194303,5,1,18578400,4.42944,11897736107233535381
chain,rank_none,2097152,4194303,6,1,21472800,5.11952,11897736107233535381
chain,rank_compress,2097152,4194303,0,1,17023600,4.05874,11897736107233535381
chain,rank_compress,2097152,4194303,1,1,14784400,3.52488,11897736107233535381
chain,rank_compress,2097152,4194303,2,1,17023000,4.0586,11897736107233535381
chain,rank_compress,2097152,4194303,3,1,16711100,3.98424,11897736107233535381
chain,rank_compress,2097152,4194303,4,1,22147300,5.28033,11897736107233535381
chain,rank_compress,2097152,4194303,5,1,22164800,5.2845,11897736107233535381
chain,rank_compress,2097152,4194303,6,1,23317600,5.55935,11897736107233535381
chain,rank_halve,2097152,4194303,0,1,20588700,4.90873,11897736107233535381
chain,rank_halve,2097152,4194303,1,1,19999800,4.76833,11897736107233535381
chain,rank_halve,2097152,4194303,2,1,19613000,4.6761,11897736107233535381
chain,rank_halve,2097152,4194303,3,1,19669300,4.68953,11897736107233535381
chain,rank_halve,2097152,4194303,4,1,20844200,4.96965,11897736107233535381
chain,rank_halve,2097152,4194303,5,1,20208300,4.81804,11897736107233535381
chain,rank_halve,2097152,4194303,6,1,19562600,4.66409,11897736107233535381
chain,size_none,2097152,4194303,0,1,19824600,4.72655,11897736107233535381
chain,size_none,2097152,4194303,1,1,30766000,7.33519,11897736107233535381
chain,size_none,2097152,4194303,2,1,24428200,5.82414,11897736107233535381
chain,size_none,2097152,4194303,3,1,28450800,6.7832,11897736107233535381
chain,size_none,2097152,4194303,4,1,28411300,6.77378,11897736107233535381
chain,size_none,2097152,4194303,5,1,27522000,6.56176,11897736107233535381
chain,size_none,2097152,4194303,6,1,23197700,5.53076,11897736107233535381
chain,size_compress,2097152,4194303,0,1,21687300,5.17066,11897736107233535381
chain,size_compress,2097152,4194303,1,1,21350600,5.09038,11897736107233535381
chain,size_compress,2097152,4194303,2,1,17683300,4.21603,11897736107233535381
chain,size_compress,2097152,4194303,3,1,20548000,4.89903,11897736107233535381
chain,size_compress,2097152,4194303,4,1,19834200,4.72884,11897736107233535381
chain,size_compress,2097152,4194303,5,1,22677300,5.40669,11897736107233535381
chain,size_compress,2097152,4194303,6,1,19638000,4.68207,11897736107233535381
chain,size_halve,2097152,4194303,0,1,21297300,5.07767,11897736107233535381
chain,size_halve,2097152,4194303,1,1,20552300,4.90005,11897736107233535381
chain,size_halve,2097152,4194303,2,1,20412800,4.86679,11897736107233535381
chain,size_halve,2097152,4194303,3,1,20359200,4.85401,11897736107233535381
chain,size_halve,2097152,4194303,4,1,20736100,4.94387,11897736107233535381
chain,size_halve,2097152,4194303,5,1,20362400,4.85478,11897736107233535381
chain,size_halve,2097152,4194303,6,1,19824200,4.72646,11897736107233535381
chain,naive_compress,4194304,8388607,0,1,55216400,6.58231,6921337620869834133
chain,naive_compress,4194304,8388607,1,1,54610700,6.5101,6921337620869834133
chain,naive_compress,4194304,8388607,2,1,56075400,6.68471,6921337620869834133
chain,naive_compress,4194304,8388607,3,1,60838500,7.25252,6921337620869834133
chain,naive_compress,4194304,8388607,4,1,60525400,7.21519,6921337620869834133
chain,naive_compress,4194304,8388607,5,1,55516700,6.61811,6921337620869834133
chain,naive_compress,4194304,8388607,6,1,62323800,7.42958,6921337620869834133
chain,naive_halve,4194304,8388607,0,1,71237100,8.49213,6921337620869834133
chain,naive_halve,4194304,8388607,1,1,66839000,7.96783,6921337620869834133
chain,naive_halve,4194304,8388607,2,1,66841800,7.96816,6921337620869834133
chain,naive_halve,4194304,8388607,3,1,68757300,8.19651,6921337620869834133
chain,naive_halve,4194304,8388607,4,1,73513100,8.76345,6921337620869834133
chain,naive_halve,4194304,8388607,5,1,72486000,8.64101,6921337620869834133
chain,naive_halve,4194304,8388607,6,1,69885700,8.33103,6921337620869834133
chain,rank_none,4194304,8388607,0,1,56751600,6.76532,6921337620869834133
chain,rank_none,4194304,8388607,1,1,52804300,6.29476,6921337620869834133
chain,rank_none,4194304,8388607,2,1,54602800,6.50916,6921337620869834133
chain,rank_none,4194304,8388607,3,1,54281900,6.47091,6921337620869834133
chain,rank_none,4194304,8388607,4,1,51980700,6.19658,6921337620869834133
chain,rank_none,4194304,8388607,5,1,52549600,6.2644,6921337620869834133
chain,rank_none,4194304,8388607,6,1,51000600,6.07975,6921337620869834133
chain,rank_compress,4194304,8388607,0,1,52875200,6.30322,6921337620869834133
chain,rank_compress,4194304,8388607,1,1,51562000,6.14667,6921337620869834133
chain,rank_compress,4194304,8388607,2,1,45690400,5.44672,6921337620869834133
chain,rank_compress,4194304,8388607,3,1,47836700,5.70258,6921337620869834133
chain,rank_compress,4194304,8388607,4,1,49001300,5.84141,6921337620869834133
chain,rank_compress,4194304,8388607,5,1,37819300,4.50841,6921337620869834133
chain,rank_compress,4194304,8388607,6,1,42045100,5.01217,6921337620869834133
chain,rank_halve,4194304,8388607,0,1,53204800,6.34251,6921337620869834133
chain,rank_halve,4194304,8388607,1,1,47826000,5.7013,6921337620869834133
chain,rank_halve,4194304,8388607,2,1,48180300,5.74354,6921337620869834133
chain,rank_halve,4194304,8388607,3,1,51539100,6.14394,6921337620869834133
chain,rank_halve,4194304,8388607,4,1,45623700,5.43877,6921337620869834133
chain,rank_halve,4194304,8388607,5,1,52193000,6.22189,6921337620869834133
chain,rank_halve,4194304,8388607,6,1,54058900,6.44432,6921337620869834133
chain,size_none,4194304,8388607,0,1,45843800,5.46501,6921337620869834133
chain,size_none,4194304,8388607,1,1,57056300,6.80164,6921337620869834133
chain,size_none,4194304,8388607,2,1,51953100,6.19329,6921337620869834133
chain,size_none,4194304,8388607,3,1,53776300,6.41064,6921337620869834133
chain,size_none,4194304,8388607,4,1,43748700,5.21525,6921337620869834133
chain,size_none,4194304,8388607,5,1,57706900,6.8792,6921337620869834133
chain,size_none,4194304,8388607,6,1,51448200,6.1331,6921337620869834133
chain,size_compress,4194304,8388607,0,1,46181600,5.50528,6921337620869834133
chain,size_compress,4194304,8388607,1,1,51600400,6.15125,6921337620869834133
chain,size_compress,4194304,8388607,2,1,59933900,7.14468,6921337620869834133
chain,size_compress,4194304,8388607,3,1,50245800,5.98977,6921337620869834133
chain,size_compress,4194304,8388607,4,1,49438800,5.89356,6921337620869834133
chain,size_compress,4194304,8388607,5,1,52120200,6.21321,6921337620869834133
chain,size_compress,4194304,8388607,6,1,45151100,5.38243,6921337620869834133
chain,size_halve,4194304,8388607,0,1,50185100,5.98253,6921337620869834133
chain,size_halve,4194304,8388607,1,1,49789700,5.9354,6921337620869834133
chain,size_halve,4194304,8388607,2,1,51106500,6.09237,6921337620869834133
chain,size_halve,4194304,8388607,3,1,48322100,5.76044,6921337620869834133
chain,size_halve,4194304,8388607,4,1,49949900,5.95449,6921337620869834133
chain,size_halve,4194304,8388607,5,1,55219100,6.58263,6921337620869834133
chain,size_halve,4194304,8388607,6,1,48860800,5.82466,6921337620869834133
chain,naive_compress,8388608,16777215,0,1,129177500,7.69958,8697180715210401173
chain,naive_compress,8388608,16777215,1,1,132272300,7.88404,8697180715210401173
chain,naive_compress,8388608,16777215,2,1,133324000,7.94673,8697180715210401173
chain,naive_compress,8388608,16777215,3,1,132735000,7.91162,8697180715210401173
chain,naive_compress,8388608,16777215,4,1,132429400,7.89341,8697180715210401173
chain,naive_compress,8388608,16777215,5,1,136293900,8.12375,8697180715210401173
chain,naive_compress,8388608,16777215,6,1,138627700,8.26286,8697180715210401173
chain,naive_halve,8388608,16777215,0,1,234636500,13.9854,8697180715210401173
chain,naive_halve,8388608,16777215,1,1,232155700,13.8376,8697180715210401173
chain,naive_halve,8388608,16777215,2,1,239134000,14.2535,8697180715210401173
chain,naive_halve,8388608,16777215,3,1,242310000,14.4428,8697180715210401173
chain,naive_halve,8388608,16777215,4,1,244267300,14.5595,8697180715210401173
chain,naive_halve,8388608,16777215,5,1,248078300,14.7866,8697180715210401173
chain,naive_halve,8388608,16777215,6,1,251456800,14.988,8697180715210401173
chain,rank_none,8388608,16777215,0,1,125321300,7.46973,8697180715210401173
chain,rank_none,8388608,16777215,1,1,123632400,7.36907,8697180715210401173
chain,rank_none,8388608,16777215,2,1,131739300,7.85227,8697180715210401173
chain,rank_none,8388608,16777215,3,1,132238100,7.88201,8697180715210401173
chain,rank_none,8388608,16777215,4,1,135152200,8.0557,8697180715210401173
chain,rank_none,8388608,16777215,5,1,135382800,8.06944,8697180715210401173
chain,rank_none,8388608,16777215,6,1,131225400,7.82164,8697180715210401173
chain,rank_compress,8388608,16777215,0,1,117312300,6.99236,8697180715210401173
chain,rank_compress,8388608,16777215,1,1,119231300,7.10674,8697180715210401173
chain,rank_compress,8388608,16777215,2,1,129220200,7.70212,8697180715210401173
chain,rank_compress,8388608,16777215,3,1,136631300,8.14386,8697180715210401173
chain,rank_compress,8388608,16777215,4,1,124027500,7.39262,8697180715210401173
chain,rank_compress,8388608,16777215,5,1,122212000,7.2844,8697180715210401173
chain,rank_compress,8388608,16777215,6,1,123570300,7.36536,8697180715210401173
chain,rank_halve,8388608,16777215,0,1,159512500,9.50769,8697180715210401173
chain,rank_halve,8388608,16777215,1,1,157964500,9.41542,8697180715210401173
chain,rank_halve,8388608,16777215,2,1,156118600,9.30539,8697180715210401173
chain,rank_halve,8388608,16777215,3,1,156218500,9.31135,8697180715210401173
chain,rank_halve,8388608,16777215,4,1,155187700,9.24991,8697180715210401173
chain,rank_halve,8388608,16777215,5,1,155187400,9.24989,8697180715210401173
chain,rank_halve,8388608,16777215,6,1,158746000,9.462,8697180715210401173
chain,size_none,8388608,16777215,0,1,136199500,8.11812,8697180715210401173
chain,size_none,8388608,16777215,1,1,131075100,7.81269,8697180715210401173
chain,size_none,8388608,16777215,2,1,132499300,7.89757,8697180715210401173
chain,size_none,8388608,16777215,3,1,129246300,7.70368,8697180715210401173
chain,size_none,8388608,16777215,4,1,129442600,7.71538,8697180715210401173
chain,size_none,8388608,16777215,5,1,133615500,7.9641,8697180715210401173
chain,size_none,8388608,16777215,6,1,131937200,7.86407,8697180715210401173
chain,size_compress,8388608,16777215,0,1,129252300,7.70404,8697180715210401173
chain,size_compress,8388608,16777215,1,1,129797600,7.73654,8697180715210401173
chain,size_compress,8388608,16777215,2,1,136471700,8.13435,8697180715210401173
chain,size_compress,8388608,16777215,3,1,134637800,8.02504,8697180715210401173
chain,size_compress,8388608,16777215,4,1,136489700,8.13542,8697180715210401173
chain,size_compress,8388608,16777215,5,1,129943100,7.74521,8697180715210401173
chain,size_compress,8388608,16777215,6,1,129718800,7.73184,8697180715210401173
chain,size_halve,8388608,16777215,0,1,167228300,9.96758,8697180715210401173
chain,size_halve,8388608,16777215,1,1,163382200,9.73834,8697180715210401173
chain,size_halve,8388608,16777215,2,1,159768900,9.52297,8697180715210401173
chain,size_halve,8388608,16777215,3,1,162576900,9.69034,8697180715210401173
chain,size_halve,8388608,16777215,4,1,161025900,9.59789,8697180715210401173
chain,size_halve,8388608,16777215,5,1,160980200,9.59517,8697180715210401173
chain,size_halve,8388608,16777215,6,1,161391200,9.61967,8697180715210401173
chain,naive_compress,16777216,33554431,0,1,290235400,8.64969,3823194951034758549
chain,naive_compress,16777216,33554431,1,1,290389700,8.65429,3823194951034758549
chain,naive_compress,16777216,33554431,2,1,292848500,8.72757,3823194951034758549
chain,naive_compress,16777216,33554431,3,1,293829800,8.75681,3823194951034758549
chain,naive_compress,16777216,33554431,4,1,294206900,8.76805,3823194951034758549
chain,naive_compress,16777216,33554431,5,1,289061800,8.61471,3823194951034758549
chain,naive_compress,16777216,33554431,6,1,293951900,8.76045,3823194951034758549
chain,naive_halve,16777216,33554431,0,1,532403800,15.8669,3823194951034758549
chain,naive_halve,16777216,33554431,1,1,529955200,15.7939,3823194951034758549
chain,naive_halve,16777216,33554431,2,1,531999400,15.8548,3823194951034758549
chain,naive_halve,16777216,33554431,3,1,537492300,16.0185,3823194951034758549
chain,naive_halve,16777216,33554431,4,1,531028700,15.8259,3823194951034758549
chain,naive_halve,16777216,33554431,5,1,534871600,15.9404,3823194951034758549
chain,naive_halve,16777216,33554431,6,1,533133600,15.8886,3823194951034758549
chain,rank_none,16777216,33554431,0,1,319707300,9.52802,3823194951034758549
chain,rank_none,16777216,33554431,1,1,349064200,10.4029,3823194951034758549
chain,rank_none,16777216,33554431,2,1,293190700,8.73776,3823194951034758549
chain,rank_none,16777216,33554431,3,1,276685000,8.24586,3823194951034758549
chain,rank_none,16777216,33554431,4,1,275037700,8.19676,3823194951034758549
chain,rank_none,16777216,33554431,5,1,269894900,8.0435,3823194951034758549
chain,rank_none,16777216,33554431,6,1,270745400,8.06884,3823194951034758549
chain,rank_compress,16777216,33554431,0,1,269515900,8.0322,3823194951034758549
chain,rank_compress,16777216,33554431,1,1,263269700,7.84605,3823194951034758549
chain,rank_compress,16777216,33554431,2,1,267789600,7.98075,3823194951034758549
chain,rank_compress,16777216,33554431,3,1,266883400,7.95375,3823194951034758549
chain,rank_compress,16777216,33554431,4,1,275848200,8.22092,3823194951034758549
chain,rank_compress,16777216,33554431,5,1,274030300,8.16674,3823194951034758549
chain,rank_compress,16777216,33554431,6,1,262900200,7.83504,3823194951034758549
chain,rank_halve,16777216,33554431,0,1,353635000,10.5391,3823194951034758549
chain,rank_halve,16777216,33554431,1,1,362786000,10.8119,3823194951034758549
chain,rank_halve,16777216,33554431,2,1,361734000,10.7805,3823194951034758549
chain,rank_halve,16777216,33554431,3,1,353469800,10.5342,3823194951034758549
chain,rank_halve,16777216,33554431,4,1,357917300,10.6668,3823194951034758549
chain,rank_halve,16777216,33554431,5,1,356389200,10.6212,3823194951034758549
chain,rank_halve,16777216,33554431,6,1,359151500,10.7035,3823194951034758549
chain,size_none,16777216,33554431,0,1,290446100,8.65597,3823194951034758549
chain,size_none,16777216,33554431,1,1,293765400,8.75489,3823194951034758549
chain,size_none,16777216,33554431,2,1,297114800,8.85471,3823194951034758549
chain,size_none,16777216,33554431,3,1,293276700,8.74033,3823194951034758549
chain,size_none,16777216,33554431,4,1,288672300,8.60311,3823194951034758549
chain,size_none,16777216,33554431,5,1,287382200,8.56466,3823194951034758549
chain,size_none,16777216,33554431,6,1,284519600,8.47935,3823194951034758549
chain,size_compress,16777216,33554431,0,1,287181100,8.55866,3823194951034758549
chain,size_compress,16777216,33554431,1,1,287860600,8.57891,3823194951034758549
chain,size_compress,16777216,33554431,2,1,291451100,8.68592,3823194951034758549
chain,size_compress,16777216,33554431,3,1,294988700,8.79135,3823194951034758549
chain,size_compress,16777216,33554431,4,1,293956300,8.76058,3823194951034758549
chain,size_compress,16777216,33554431,5,1,289321800,8.62246,3823194951034758549
chain,size_compress,16777216,33554431,6,1,288702200,8.604,3823194951034758549
chain,size_halve,16777216,33554431,0,1,358641100,10.6883,3823194951034758549
chain,size_halve,16777216,33554431,1,1,355575700,10.597,3823194951034758549
chain,size_halve,16777216,33554431,2,1,355139200,10.584,3823194951034758549
chain,size_halve,16777216,33554431,3,1,353255500,10.5278,3823194951034758549
chain,size_halve,16777216,33554431,4,1,353540300,10.5363,3823194951034758549
chain,size_halve,16777216,33554431,5,1,354155400,10.5547,3823194951034758549
chain,size_halve,16777216,33554431,6,1,351768200,10.4835,3823194951034758549
maze,quickfind,1024,1984,0,18,5000600,140.026,10376429817346366571
maze,quickfind,1024,1984,1,18,4865500,136.243,10376429817346366571
maze,quickfind,1024,1984,2,18,4871900,136.422,10376429817346366571
maze,quickfind,1024,1984,3,18,4814400,134.812,10376429817346366571
maze,quickfind,1024,1984,4,18,4994100,139.844,10376429817346366571
maze,quickfind,1024,1984,5,18,4897800,137.147,10376429817346366571
maze,quickfind,1024,1984,6,18,4825900,135.134,10376429817346366571
maze,naive_none,1024,1984,0,29,2799800,48.6617,10376429817346366571
maze,naive_none,1024,1984,1,29,2721100,47.2939,10376429817346366571
maze,naive_none,1024,1984,2,29,2714200,47.1739,10376429817346366571
maze,naive_none,1024,1984,3,29,2595600,45.1126,10376429817346366571
maze,naive_none,1024,1984,4,29,2689300,46.7412,10376429817346366571
maze,naive_none,1024,1984,5,29,2624600,45.6167,10376429817346366571
maze,naive_none,1024,1984,6,29,2811600,48.8668,10376429817346366571
maze,naive_compress,1024,1984,0,98,621200,3.19495,10376429817346366571
maze,naive_compress,1024,1984,1,98,507300,2.60914,10376429817346366571
maze,naive_compress,1024,1984,2,98,504100,2.59268,10376429817346366571
maze,naive_compress,1024,1984,3,98,502400,2.58394,10376429817346366571
maze,naive_compress,1024,1984,4,98,512400,2.63537,10376429817346366571
maze,naive_compress,1024,1984,5,98,500800,2.57571,10376429817346366571
maze,naive_compress,1024,1984,6,98,509000,2.61788,10376429817346366571
maze,naive_halve,1024,1984,0,222,1690800,3.83882,10376429817346366571
maze,naive_halve,1024,1984,1,222,1575100,3.57613,10376429817346366571
maze,naive_halve,1024,1984,2,222,1565200,3.55365,10376429817346366571
maze,naive_halve,1024,1984,3,222,1559400,3.54049,10376429817346366571
maze,naive_halve,1024,1984,4,222,1556600,3.53413,10376429817346366571
maze,naive_halve,1024,1984,5,222,1545900,3.50984,10376429817346366571
maze,naive_halve,1024,1984,6,222,1612100,3.66014,10376429817346366571
maze,rank_none,1024,1984,0,182,905000,2.50631,10376429817346366571
maze,rank_none,1024,1984,1,182,797800,2.20943,10376429817346366571
maze,rank_none,1024,1984,2,182,792400,2.19448,10376429817346366571
maze,rank_none,1024,1984,3,182,789500,2.18645,10376429817346366571
maze,rank_none,1024,1984,4,182,790400,2.18894,10376429817346366571
maze,rank_none,1024,1984,5,182,790000,2.18783,10376429817346366571
maze,rank_none,1024,1984,6,182,789500,2.18645,10376429817346366571
maze,rank_compress,1024,1984,0,155,788700,2.56471,10376429817346366571
maze,rank_compress,1024,1984,1,155,734800,2.38944,10376429817346366571
maze,rank_compress,1024,1984,2,155,731800,2.37968,10376429817346366571
maze,rank_compress,1024,1984,3,155,730700,2.37611,10376429817346366571
maze,rank_compress,1024,1984,4,155,738100,2.40017,10376429817346366571
maze,rank_compress,1024,1984,5,155,745200,2.42326,10376429817346366571
maze,rank_compress,1024,1984,6,155,743600,2.41805,10376429817346366571
maze,rank_halve,1024,1984,0,348,1516600,2.1966,10376429817346366571
maze,rank_halve,1024,1984,1,348,1911700,2.76885,10376429817346366571
maze,rank_halve,1024,1984,2,348,1473400,2.13403,10376429817346366571
maze,rank_halve,1024,1984,3,348,1580900,2.28973,10376429817346366571
maze,rank_halve,1024,1984,4,348,1478800,2.14185,10376429817346366571
maze,rank_halve,1024,1984,5,348,1465500,2.12258,10376429817346366571
maze,rank_halve,1024,1984,6,348,1466400,2.12389,10376429817346366571
maze,size_none,1024,1984,0,131,628400,2.41782,10376429817346366571
maze,size_none,1024,1984,1,131,563700,2.16888,10376429817346366571
maze,size_none,1024,1984,2,131,564200,2.1708,10376429817346366571
maze,size_none,1024,1984,3,131,556400,2.14079,10376429817346366571
maze,size_none,1024,1984,4,131,558400,2.14849,10376429817346366571
maze,size_none,1024,1984,5,131,556600,2.14156,10376429817346366571
maze,size_none,1024,1984,6,131,600400,2.31008,10376429817346366571
maze,size_compress,1024,1984,0,296,1093700,1.86237,10376429817346366571
maze,size_compress,1024,1984,1,296,1094100,1.86305,10376429817346366571
maze,size_compress,1024,1984,2,296,1103200,1.87854,10376429817346366571
maze,size_compress,1024,1984,3,296,1082600,1.84346,10376429817346366571
maze,size_compress,1024,1984,4,296,1088500,1.85351,10376429817346366571
maze,size_compress,1024,1984,5,296,1128700,1.92196,10376429817346366571
maze,size_compress,1024,1984,6,296,1119900,1.90698,10376429817346366571
maze,size_halve,1024,1984,0,424,1864200,2.21608,10376429817346366571
maze,size_halve,1024,1984,1,424,1859900,2.21097,10376429817346366571
maze,size_halve,1024,1984,2,424,1805600,2.14642,10376429817346366571
maze,size_halve,1024,1984,3,424,1884000,2.23962,10376429817346366571
maze,size_halve,1024,1984,4,424,1829600,2.17495,10376429817346366571
maze,size_halve,1024,1984,5,424,1808100,2.14939,10376429817346366571
maze,size_halve,1024,1984,6,424,1817700,2.1608,10376429817346366571
maze,quickfind,2048,4000,0,5,4993500,249.675,15905995961003478109
maze,quickfind,2048,4000,1,5,5023400,251.17,15905995961003478109
maze,quickfind,2048,4000,2,5,4968000,248.4,15905995961003478109
maze,quickfind,2048,4000,3,5,5006900,250.345,15905995961003478109
maze,quickfind,2048,4000,4,5,5013100,250.655,15905995961003478109
maze,quickfind,2048,4000,5,5,5149800,257.49,15905995961003478109
maze,quickfind,2048,4000,6,5,5039200,251.96,15905995961003478109
maze,naive_none,2048,4000,0,12,4606200,95.9625,15905995961003478109
maze,naive_none,2048,4000,1,12,4509900,93.9562,15905995961003478109
maze,naive_none,2048,4000,2,12,4497600,93.7,15905995961003478109
maze,naive_none,2048,4000,3,12,4531100,94.3979,15905995961003478109
maze,naive_none,2048,4000,4,12,4468400,93.0917,15905995961003478109
maze,naive_none,2048,4000,5,12,4444800,92.6,15905995961003478109
maze,naive_none,2048,4000,6,12,4480400,93.3417,15905995961003478109
maze,naive_compress,2048,4000,0,69,1970600,7.13986,15905995961003478109
maze,naive_compress,2048,4000,1,69,1830500,6.63225,15905995961003478109
maze,naive_compress,2048,4000,2,69,1867400,6.76594,15905995961003478109
maze,naive_compress,2048,4000,3,69,2010800,7.28551,15905995961003478109
maze,naive_compress,2048,4000,4,69,1909700,6.9192,15905995961003478109
maze,naive_compress,2048,4000,5,69,1915600,6.94058,15905995961003478109
maze,naive_compress,2048,4000,6,69,1883200,6.82319,15905995961003478109
maze,naive_halve,2048,4000,0,118,2040800,4.32373,15905995961003478109
maze,naive_halve,2048,4000,1,118,1900900,4.02733,15905995961003478109
maze,naive_halve,2048,4000,2,118,1941100,4.1125,15905995961003478109
maze,naive_halve,2048,4000,3,118,1915200,4.05763,15905995961003478109
maze,naive_halve,2048,4000,4,118,1879500,3.98199,15905995961003478109
maze,naive_halve,2048,4000,5,118,1887200,3.99831,15905995961003478109
maze,naive_halve,2048,4000,6,118,1879000,3.98093,15905995961003478109
maze,rank_none,2048,4000,0,104,1426100,3.42813,15905995961003478109
maze,rank_none,2048,4000,1,104,939800,2.25913,15905995961003478109
maze,rank_none,2048,4000,2,104,1011200,2.43077,15905995961003478109
maze,rank_none,2048,4000,3,104,929700,2.23486,15905995961003478109
maze,rank_none,2048,4000,4,104,900600,2.1649,15905995961003478109
maze,rank_none,2048,4000,5,104,895400,2.1524,15905995961003478109
maze,rank_none,2048,4000,6,104,898600,2.1601,15905995961003478109
maze,rank_compress,2048,4000,0,136,1381000,2.5386,15905995961003478109
maze,rank_compress,2048,4000,1,136,1298700,2.38732,15905995961003478109
maze,rank_compress,2048,4000,2,136,1324800,2.43529,15905995961003478109
maze,rank_compress,2048,4000,3,136,1278100,2.34945,15905995961003478109
maze,rank_compress,2048,4000,4,136,1274600,2.34301,15905995961003478109
maze,rank_compress,2048,4000,5,136,1278300,2.34982,15905995961003478109
maze,rank_compress,2048,4000,6,136,1289200,2.36985,15905995961003478109
maze,rank_halve,2048,4000,0,187,1570600,2.09973,15905995961003478109
maze,rank_halve,2048,4000,1,187,1560700,2.0865,15905995961003478109
maze,rank_halve,2048,4000,2,187,1538200,2.05642,15905995961003478109
maze,rank_halve,2048,4000,3,187,1532200,2.0484,15905995961003478109
maze,rank_halve,2048,4000,4,187,1586600,2.12112,15905995961003478109
maze,rank_halve,2048,4000,5,187,1545900,2.06671,15905995961003478109
maze,rank_halve,2048,4000,6,187,1526800,2.04118,15905995961003478109
maze,size_none,2048,4000,0,103,2494100,6.05364,15905995961003478109
maze,size_none,2048,4000,1,103,2288400,5.55437,15905995961003478109
maze,size_none,2048,4000,2,103,2311900,5.61141,15905995961003478109
maze,size_none,2048,4000,3,103,2192700,5.32209,15905995961003478109
maze,size_none,2048,4000,4,103,2177500,5.28519,15905995961003478109
maze,size_none,2048,4000,5,103,2215300,5.37694,15905995961003478109
maze,size_none,2048,4000,6,103,2341800,5.68398,15905995961003478109
maze,size_compress,2048,4000,0,69,607000,2.19928,15905995961003478109
maze,size_compress,2048,4000,1,69,511900,1.85471,15905995961003478109
maze,size_compress,2048,4000,2,69,521000,1.88768,15905995961003478109
maze,size_compress,2048,4000,3,69,502700,1.82138,15905995961003478109
maze,size_compress,2048,4000,4,69,498100,1.80471,15905995961003478109
maze,size_compress,2048,4000,5,69,499300,1.80906,15905995961003478109
maze,size_compress,2048,4000,6,69,500800,1.81449,15905995961003478109
maze,size_halve,2048,4000,0,219,1791000,2.04452,15905995961003478109
maze,size_halve,2048,4000,1,219,1781200,2.03333,15905995961003478109
maze,size_halve,2048,4000,2,219,1786400,2.03927,15905995961003478109
maze,size_halve,2048,4000,3,219,1797500,2.05194,15905995961003478109
maze,size_halve,2048,4000,4,219,1845200,2.10639,15905995961003478109
maze,size_halve,2048,4000,5,219,1747300,1.99463,15905995961003478109
maze,size_halve,2048,4000,6,219,1750500,1.99829,15905995961003478109
maze,quickfind,4096,8064,0,2,7724400,478.943,674762307814947789
maze,quickfind,4096,8064,1,2,7652200,474.467,674762307814947789
maze,quickfind,4096,8064,2,2,7656500,474.733,674762307814947789
maze,quickfind,4096,8064,3,2,7483000,463.976,674762307814947789
maze,quickfind,4096,8064,4,2,7641900,473.828,674762307814947789
maze,quickfind,4096,8064,5,2,7635300,473.419,674762307814947789
maze,quickfind,4096,8064,6,2,7516400,466.047,674762307814947789
maze,naive_none,4096,8064,0,4,5174300,160.414,674762307814947789
maze,naive_none,4096,8064,1,4,5155600,159.834,674762307814947789
maze,naive_none,4096,8064,2,4,5206500,161.412,674762307814947789
maze,naive_none,4096,8064,3,4,5246100,162.64,674762307814947789
maze,naive_none,4096,8064,4,4,5148700,159.62,674762307814947789
maze,naive_none,4096,8064,5,4,5195600,161.074,674762307814947789
maze,naive_none,4096,8064,6,4,5154700,159.806,674762307814947789
maze,naive_compress,4096,8064,0,36,2682700,9.241,674762307814947789
maze,naive_compress,4096,8064,1,36,2625200,9.04293,674762307814947789
maze,naive_compress,4096,8064,2,36,2779600,9.57479,674762307814947789
maze,naive_compress,4096,8064,3,36,2679200,9.22895,674762307814947789
maze,naive_compress,4096,8064,4,36,2601000,8.95957,674762307814947789
maze,naive_compress,4096,8064,5,36,2561300,8.82282,674762307814947789
maze,naive_compress,4096,8064,6,36,2638400,9.0884,674762307814947789
maze,naive_halve,4096,8064,0,49,2772800,7.01733,674762307814947789
maze,naive_halve,4096,8064,1,49,2532600,6.40944,674762307814947789
maze,naive_halve,4096,8064,2,49,2503400,6.33554,674762307814947789
maze,naive_halve,4096,8064,3,49,2560300,6.47954,674762307814947789
maze,naive_halve,4096,8064,4,49,2542800,6.43525,674762307814947789
maze,naive_halve,4096,8064,5,49,2398300,6.06956,674762307814947789
maze,naive_halve,4096,8064,6,49,2522500,6.38388,674762307814947789
maze,rank_none,4096,8064,0,43,3402800,9.81335,674762307814947789
maze,rank_none,4096,8064,1,43,3162000,9.11891,674762307814947789
maze,rank_none,4096,8064,2,43,3121300,9.00153,674762307814947789
maze,rank_none,4096,8064,3,43,3198300,9.22359,674762307814947789
maze,rank_none,4096,8064,4,43,3004100,8.66354,674762307814947789
maze,rank_none,4096,8064,5,43,2932300,8.45648,674762307814947789
maze,rank_none,4096,8064,6,43,2929200,8.44754,674762307814947789
maze,rank_compress,4096,8064,0,43,2087100,6.019,674762307814947789
maze,rank_compress,4096,8064,1,43,2023800,5.83645,674762307814947789
maze,rank_compress,4096,8064,2,43,1979500,5.70869,674762307814947789
maze,rank_compress,4096,8064,3,43,2124500,6.12686,674762307814947789
maze,rank_compress,4096,8064,4,43,2061900,5.94632,674762307814947789
maze,rank_compress,4096,8064,5,43,2208000,6.36766,674762307814947789
maze,rank_compress,4096,8064,6,43,2075100,5.98439,674762307814947789
maze,rank_halve,4096,8064,0,83,1711200,2.55666,674762307814947789
maze,rank_halve,4096,8064,1,83,1406100,2.10081,674762307814947789
maze,rank_halve,4096,8064,2,83,1336000,1.99608,674762307814947789
maze,rank_halve,4096,8064,3,83,1345000,2.00953,674762307814947789
maze,rank_halve,4096,8064,4,83,1409700,2.10619,674762307814947789
maze,rank_halve,4096,8064,5,83,1361600,2.03433,674762307814947789
maze,rank_halve,4096,8064,6,83,1378600,2.05973,674762307814947789
maze,size_none,4096,8064,0,35,2757900,9.77147,674762307814947789
maze,size_none,4096,8064,1,35,2514100,8.90767,674762307814947789
maze,size_none,4096,8064,2,35,2544400,9.01502,674762307814947789
maze,size_none,4096,8064,3,35,2668700,9.45543,674762307814947789
maze,size_none,4096,8064,4,35,2599000,9.20848,674762307814947789
maze,size_none,4096,8064,5,35,2511500,8.89846,674762307814947789
maze,size_none,4096,8064,6,35,2660700,9.42708,674762307814947789
maze,size_compress,4096,8064,0,77,3214500,5.17693,674762307814947789
maze,size_compress,4096,8064,1,77,3304300,5.32155,674762307814947789
maze,size_compress,4096,8064,2,77,3299500,5.31382,674762307814947789
maze,size_compress,4096,8064,3,77,3193600,5.14327,674762307814947789
maze,size_compress,4096,8064,4,77,3266400,5.26051,674762307814947789
maze,size_compress,4096,8064,5,77,3074600,4.95162,674762307814947789
maze,size_compress,4096,8064,6,77,3305900,5.32413,674762307814947789
maze,size_halve,4096,8064,0,100,1782100,2.20995,674762307814947789
maze,size_halve,4096,8064,1,100,1707300,2.11719,674762307814947789
maze,size_halve,4096,8064,2,100,1719600,2.13244,674762307814947789
maze,size_halve,4096,8064,3,100,1685000,2.08953,674762307814947789
maze,size_halve,4096,8064,4,100,1689300,2.09487,674762307814947789
maze,size_halve,4096,8064,5,100,1689300,2.09487,674762307814947789
maze,size_halve,4096,8064,6,100,1678600,2.0816,674762307814947789
maze,quickfind,8192,16192,0,1,14566300,899.599,17877986321577718577
maze,quickfind,8192,16192,1,1,14599300,901.637,17877986321577718577
maze,quickfind,8192,16192,2,1,14596400,901.458,17877986321577718577
maze,quickfind,8192,16192,3,1,14544000,898.221,17877986321577718577
maze,quickfind,8192,16192,4,1,14554300,898.857,17877986321577718577
maze,quickfind,8192,16192,5,1,14480600,894.306,17877986321577718577
maze,quickfind,8192,16192,6,1,14641900,904.268,17877986321577718577
maze,naive_none,8192,16192,0,2,9076000,280.262,17877986321577718577
maze,naive_none,8192,16192,1,2,9256700,285.842,17877986321577718577
maze,naive_none,8192,16192,2,2,9114400,281.448,17877986321577718577
maze,naive_none,8192,16192,3,2,9158500,282.809,17877986321577718577
maze,naive_none,8192,16192,4,2,9233000,285.11,17877986321577718577
maze,naive_none,8192,16192,5,2,9072200,280.145,17877986321577718577
maze,naive_none,8192,16192,6,2,9123000,281.713,17877986321577718577
maze,naive_compress,8192,16192,0,19,3326400,10.8124,17877986321577718577
maze,naive_compress,8192,16192,1,19,3246200,10.5517,17877986321577718577
maze,naive_compress,8192,16192,2,19,3178300,10.331,17877986321577718577
maze,naive_compress,8192,16192,3,19,3196000,10.3885,17877986321577718577
maze,naive_compress,8192,16192,4,19,3114300,10.1229,17877986321577718577
maze,naive_compress,8192,16192,5,19,3176900,10.3264,17877986321577718577
maze,naive_compress,8192,16192,6,19,3221600,10.4717,17877986321577718577
maze,naive_halve,8192,16192,0,25,4117800,10.1724,17877986321577718577
maze,naive_halve,8192,16192,1,25,3959200,9.78063,17877986321577718577
maze,naive_halve,8192,16192,2,25,3786100,9.35301,17877986321577718577
maze,naive_halve,8192,16192,3,25,3736600,9.23073,17877986321577718577
maze,naive_halve,8192,16192,4,25,3574900,8.83127,17877986321577718577
maze,naive_halve,8192,16192,5,25,3625000,8.95504,17877986321577718577
maze,naive_halve,8192,16192,6,25,3614100,8.92811,17877986321577718577
maze,rank_none,8192,16192,0,21,4195900,12.3397,17877986321577718577
maze,rank_none,8192,16192,1,21,3871600,11.386,17877986321577718577
maze,rank_none,8192,16192,2,21,3900700,11.4716,17877986321577718577
maze,rank_none,8192,16192,3,21,3952400,11.6236,17877986321577718577
maze,rank_none,8192,16192,4,21,3948800,11.613,17877986321577718577
maze,rank_none,8192,16192,5,21,3797500,11.1681,17877986321577718577
maze,rank_none,8192,16192,6,21,3791700,11.151,17877986321577718577
maze,rank_compress,8192,16192,0,35,4441600,7.83738,17877986321577718577
maze,rank_compress,8192,16192,1,35,4310900,7.60675,17877986321577718577
maze,rank_compress,8192,16192,2,35,4123400,7.2759,17877986321577718577
maze,rank_compress,8192,16192,3,35,4120800,7.27132,17877986321577718577
maze,rank_compress,8192,16192,4,35,4067300,7.17691,17877986321577718577
maze,rank_compress,8192,16192,5,35,4058500,7.16138,17877986321577718577
maze,rank_compress,8192,16192,6,35,4050500,7.14727,17877986321577718577
maze,rank_halve,8192,16192,0,44,3856500,5.41303,17877986321577718577
maze,rank_halve,8192,16192,1,44,3694000,5.18494,17877986321577718577
maze,rank_halve,8192,16192,2,44,3542500,4.97229,17877986321577718577
maze,rank_halve,8192,16192,3,44,3683600,5.17034,17877986321577718577
maze,rank_halve,8192,16192,4,44,3767000,5.2874,17877986321577718577
maze,rank_halve,8192,16192,5,44,3676100,5.15982,17877986321577718577
maze,rank_halve,8192,16192,6,44,3615200,5.07434,17877986321577718577
maze,size_none,8192,16192,0,23,3979900,10.6867,17877986321577718577
maze,size_none,8192,16192,1,23,3915000,10.5124,17877986321577718577
maze,size_none,8192,16192,2,23,3880200,10.419,17877986321577718577
maze,size_none,8192,16192,3,23,3901600,10.4765,17877986321577718577
maze,size_none,8192,16192,4,23,3935300,10.5669,17877986321577718577
maze,size_none,8192,16192,5,23,3943800,10.5898,17877986321577718577
maze,size_none,8192,16192,6,23,3905600,10.4872,17877986321577718577
maze,size_compress,8192,16192,0,37,4081400,6.81251,17877986321577718577
maze,size_compress,8192,16192,1,37,3921700,6.54594,17877986321577718577
maze,size_compress,8192,16192,2,37,4050500,6.76093,17877986321577718577
maze,size_compress,8192,16192,3,37,3933900,6.56631,17877986321577718577
maze,size_compress,8192,16192,4,37,4139400,6.90932,17877986321577718577
maze,size_compress,8192,16192,5,37,3968800,6.62456,17877986321577718577
maze,size_compress,8192,16192,6,37,3893100,6.4982,17877986321577718577
maze,size_halve,8192,16192,0,52,3549200,4.21528,17877986321577718577
maze,size_halve,8192,16192,1,52,3282100,3.89806,17877986321577718577
maze,size_halve,8192,16192,2,52,3280300,3.89592,17877986321577718577
maze,size_halve,8192,16192,3,52,3327500,3.95198,17877986321577718577
maze,size_halve,8192,16192,4,52,3417100,4.05839,17877986321577718577
maze,size_halve,8192,16192,5,52,3332900,3.95839,17877986321577718577
maze,size_halve,8192,16192,6,52,3294400,3.91266,17877986321577718577
maze,quickfind,16384,32512,0,1,58058500,1785.76,2238789490913945179
maze,quickfind,16384,32512,1,1,58016400,1784.46,2238789490913945179
maze,quickfind,16384,32512,2,1,57679900,1774.11,2238789490913945179
maze,quickfind,16384,32512,3,1,58076400,1786.31,2238789490913945179
maze,quickfind,16384,32512,4,1,57733300,1775.75,2238789490913945179
maze,quickfind,16384,32512,5,1,57775400,1777.05,2238789490913945179
maze,quickfind,16384,32512,6,1,57891400,1780.62,2238789490913945179
maze,naive_none,16384,32512,0,1,18798300,578.196,2238789490913945179
maze,naive_none,16384,32512,1,1,19041500,585.676,2238789490913945179
maze,naive_none,16384,32512,2,1,18955800,583.04,2238789490913945179
maze,naive_none,16384,32512,3,1,18818700,578.823,2238789490913945179
maze,naive_none,16384,32512,4,1,18963300,583.271,2238789490913945179
maze,naive_none,16384,32512,5,1,18787500,577.864,2238789490913945179
maze,naive_none,16384,32512,6,1,19033100,585.418,2238789490913945179
maze,naive_compress,16384,32512,0,13,4911300,11.6201,2238789490913945179
maze,naive_compress,16384,32512,1,13,4946000,11.7022,2238789490913945179
maze,naive_compress,16384,32512,2,13,4927400,11.6582,2238789490913945179
maze,naive_compress,16384,32512,3,13,5165800,12.2222,2238789490913945179
maze,naive_compress,16384,32512,4,13,4937300,11.6816,2238789490913945179
maze,naive_compress,16384,32512,5,13,4962600,11.7415,2238789490913945179
maze,naive_compress,16384,32512,6,13,4886500,11.5614,2238789490913945179
maze,naive_halve,16384,32512,0,12,4267100,10.9372,2238789490913945179
maze,naive_halve,16384,32512,1,12,4166700,10.6799,2238789490913945179
maze,naive_halve,16384,32512,2,12,4145000,10.6243,2238789490913945179
maze,naive_halve,16384,32512,3,12,4292000,11.0011,2238789490913945179
maze,naive_halve,16384,32512,4,12,4148300,10.6327,2238789490913945179
maze,naive_halve,16384,32512,5,12,4145400,10.6253,2238789490913945179
maze,naive_halve,16384,32512,6,12,4259400,10.9175,2238789490913945179
maze,rank_none,16384,32512,0,10,4371500,13.4458,2238789490913945179
maze,rank_none,16384,32512,1,10,4273300,13.1438,2238789490913945179
maze,rank_none,16384,32512,2,10,4282600,13.1724,2238789490913945179
maze,rank_none,16384,32512,3,10,4091000,12.583,2238789490913945179
maze,rank_none,16384,32512,4,10,4128200,12.6975,2238789490913945179
maze,rank_none,16384,32512,5,10,4152400,12.7719,2238789490913945179
maze,rank_none,16384,32512,6,10,4436200,13.6448,2238789490913945179
maze,rank_compress,16384,32512,0,15,4205500,8.62348,2238789490913945179
maze,rank_compress,16384,32512,1,15,4186600,8.58473,2238789490913945179
maze,rank_compress,16384,32512,2,15,4336900,8.89292,2238789490913945179
maze,rank_compress,16384,32512,3,15,4286200,8.78896,2238789490913945179
maze,rank_compress,16384,32512,4,15,4224700,8.66285,2238789490913945179
maze,rank_compress,16384,32512,5,15,4224900,8.66326,2238789490913945179
maze,rank_compress,16384,32512,6,15,4282700,8.78178,2238789490913945179
maze,rank_halve,16384,32512,0,18,3955600,6.75921,2238789490913945179
maze,rank_halve,16384,32512,1,18,3894000,6.65395,2238789490913945179
maze,rank_halve,16384,32512,2,18,3948200,6.74657,2238789490913945179
maze,rank_halve,16384,32512,3,18,3786000,6.46941,2238789490913945179
maze,rank_halve,16384,32512,4,18,3860600,6.59688,2238789490913945179
maze,rank_halve,16384,32512,5,18,3813600,6.51657,2238789490913945179
maze,rank_halve,16384,32512,6,18,3782200,6.46291,2238789490913945179
maze,size_none,16384,32512,0,11,4397400,12.2959,2238789490913945179
maze,size_none,16384,32512,1,11,4150800,11.6063,2238789490913945179
maze,size_none,16384,32512,2,11,4252900,11.8918,2238789490913945179
maze,size_none,16384,32512,3,11,4459600,12.4698,2238789490913945179
maze,size_none,16384,32512,4,11,4252900,11.8918,2238789490913945179
maze,size_none,16384,32512,5,11,4150800,11.6063,2238789490913945179
maze,size_none,16384,32512,6,11,4196800,11.735,2238789490913945179
maze,size_compress,16384,32512,0,19,4794000,7.7607,2238789490913945179
maze,size_compress,16384,32512,1,19,4738200,7.67037,2238789490913945179
maze,size_compress,16384,32512,2,19,4928000,7.97762,2238789490913945179
maze,size_compress,16384,32512,3,19,4868900,7.88195,2238789490913945179
maze,size_compress,16384,32512,4,19,4733900,7.66341,2238789490913945179
maze,size_compress,16384,32512,5,19,4730200,7.65742,2238789490913945179
maze,size_compress,16384,32512,6,19,4869700,7.88324,2238789490913945179
maze,size_halve,16384,32512,0,23,4173200,5.58082,2238789490913945179
maze,size_halve,16384,32512,1,23,4152300,5.55287,2238789490913945179
maze,size_halve,16384,32512,2,23,4049700,5.41566,2238789490913945179
maze,size_halve,16384,32512,3,23,4136400,5.5316,2238789490913945179
maze,size_halve,16384,32512,4,23,4087200,5.46581,2238789490913945179
maze,size_halve,16384,32512,5,23,4022200,5.37888,2238789490913945179
maze,size_halve,16384,32512,6,23,4115400,5.50352,2238789490913945179
maze,quickfind,32768,65152,0,1,230508600,3538.01,10794817591719863655
maze,quickfind,32768,65152,1,1,230185500,3533.05,10794817591719863655
maze,quickfind,32768,65152,2,1,231749200,3557.05,10794817591719863655
maze,quickfind,32768,65152,3,1,230798800,3542.47,10794817591719863655
maze,quickfind,32768,65152,4,1,230472600,3537.46,10794817591719863655
maze,quickfind,32768,65152,5,1,230396400,3536.29,10794817591719863655
maze,quickfind,32768,65152,6,1,230848900,3543.24,10794817591719863655
maze,naive_none,32768,65152,0,1,121330100,1862.26,10794817591719863655
maze,naive_none,32768,65152,1,1,121868800,1870.53,10794817591719863655
maze,naive_none,32768,65152,2,1,121726300,1868.34,10794817591719863655
maze,naive_none,32768,65152,3,1,121863200,1870.44,10794817591719863655
maze,naive_none,32768,65152,4,1,121278500,1861.47,10794817591719863655
maze,naive_none,32768,65152,5,1,121655900,1867.26,10794817591719863655
maze,naive_none,32768,65152,6,1,121695200,1867.87,10794817591719863655
maze,naive_compress,32768,65152,0,6,5003100,12.7985,10794817591719863655
maze,naive_compress,32768,65152,1,6,4876500,12.4747,10794817591719863655
maze,naive_compress,32768,65152,2,6,4821200,12.3332,10794817591719863655
maze,naive_compress,32768,65152,3,6,4869300,12.4563,10794817591719863655
maze,naive_compress,32768,65152,4,6,4878600,12.48,10794817591719863655
maze,naive_compress,32768,65152,5,6,4957000,12.6806,10794817591719863655
maze,naive_compress,32768,65152,6,6,4847900,12.4015,10794817591719863655
maze,naive_halve,32768,65152,0,7,5329700,11.6863,10794817591719863655
maze,naive_halve,32768,65152,1,7,5269700,11.5547,10794817591719863655
maze,naive_halve,32768,65152,2,7,5276500,11.5696,10794817591719863655
maze,naive_halve,32768,65152,3,7,5279800,11.5769,10794817591719863655
maze,naive_halve,32768,65152,4,7,5332000,11.6913,10794817591719863655
maze,naive_halve,32768,65152,5,7,5231700,11.4714,10794817591719863655
maze,naive_halve,32768,65152,6,7,5371900,11.7788,10794817591719863655
maze,rank_none,32768,65152,0,6,5387800,13.7826,10794817591719863655
maze,rank_none,32768,65152,1,6,5433200,13.8988,10794817591719863655
maze,rank_none,32768,65152,2,6,5400400,13.8149,10794817591719863655
maze,rank_none,32768,65152,3,6,5346700,13.6775,10794817591719863655
maze,rank_none,32768,65152,4,6,5478700,14.0152,10794817591719863655
maze,rank_none,32768,65152,5,6,5432700,13.8975,10794817591719863655
maze,rank_none,32768,65152,6,6,5479000,14.0159,10794817591719863655
maze,rank_compress,32768,65152,0,8,4847000,9.29941,10794817591719863655
maze,rank_compress,32768,65152,1,8,4690500,8.99915,10794817591719863655
maze,rank_compress,32768,65152,2,8,4650400,8.92221,10794817591719863655
maze,rank_compress,32768,65152,3,8,4779700,9.17029,10794817591719863655
maze,rank_compress,32768,65152,4,8,4716500,9.04903,10794817591719863655
maze,rank_compress,32768,65152,5,8,4709100,9.03483,10794817591719863655
maze,rank_compress,32768,65152,6,8,4712100,9.04059,10794817591719863655
maze,rank_halve,32768,65152,0,10,4689300,7.19748,10794817591719863655
maze,rank_halve,32768,65152,1,10,4670300,7.16831,10794817591719863655
maze,rank_halve,32768,65152,2,10,4641200,7.12365,10794817591719863655
maze,rank_halve,32768,65152,3,10,4690400,7.19917,10794817591719863655
maze,rank_halve,32768,65152,4,10,4662200,7.15588,10794817591719863655
maze,rank_halve,32768,65152,5,10,4602300,7.06394,10794817591719863655
maze,rank_halve,32768,65152,6,10,4697100,7.20945,10794817591719863655
maze,size_none,32768,65152,0,6,5014000,12.8264,10794817591719863655
maze,size_none,32768,65152,1,6,4924800,12.5982,10794817591719863655
maze,size_none,32768,65152,2,6,4911800,12.565,10794817591719863655
maze,size_none,32768,65152,3,6,4903900,12.5448,10794817591719863655
maze,size_none,32768,65152,4,6,4942000,12.6422,10794817591719863655
maze,size_none,32768,65152,5,6,5111600,13.0761,10794817591719863655
maze,size_none,32768,65152,6,6,4871700,12.4624,10794817591719863655
maze,size_compress,32768,65152,0,9,4855900,8.28132,10794817591719863655
maze,size_compress,32768,65152,1,9,5124300,8.73905,10794817591719863655
maze,size_compress,32768,65152,2,9,4647900,7.92659,10794817591719863655
maze,size_compress,32768,65152,3,9,4770700,8.13602,10794817591719863655
maze,size_compress,32768,65152,4,9,4813200,8.2085,10794817591719863655
maze,size_compress,32768,65152,5,9,4630600,7.89709,10794817591719863655
maze,size_compress,32768,65152,6,9,4666500,7.95831,10794817591719863655
maze,size_halve,32768,65152,0,10,4056500,6.22621,10794817591719863655
maze,size_halve,32768,65152,1,10,4002100,6.14271,10794817591719863655
maze,size_halve,32768,65152,2,10,4025800,6.17909,10794817591719863655
maze,size_halve,32768,65152,3,10,3978700,6.1068,10794817591719863655
maze,size_halve,32768,65152,4,10,4030300,6.186,10794817591719863655
maze,size_halve,32768,65152,5,10,3936800,6.04249,10794817591719863655
maze,size_halve,32768,65152,6,10,3986900,6.11938,10794817591719863655
maze,quickfind,65536,130560,0,1,931308500,7133.18,13501720953657113853
maze,quickfind,65536,130560,1,1,928145500,7108.96,13501720953657113853
maze,quickfind,65536,130560,2,1,929990600,7123.09,13501720953657113853
maze,quickfind,65536,130560,3,1,928081600,7108.47,13501720953657113853
maze,quickfind,65536,130560,4,1,928875000,7114.55,13501720953657113853
maze,quickfind,65536,130560,5,1,928873600,7114.53,13501720953657113853
maze,quickfind,65536,130560,6,1,930187100,7124.59,13501720953657113853
maze,naive_none,65536,130560,0,1,690504100,5288.79,13501720953657113853
maze,naive_none,65536,130560,1,1,688791500,5275.67,13501720953657113853
maze,naive_none,65536,130560,2,1,686768300,5260.17,13501720953657113853
maze,naive_none,65536,130560,3,1,686840900,5260.73,13501720953657113853
maze,naive_none,65536,130560,4,1,685619100,5251.37,13501720953657113853
maze,naive_none,65536,130560,5,1,688212500,5271.24,13501720953657113853
maze,naive_none,65536,130560,6,1,687374800,5264.82,13501720953657113853
maze,naive_compress,65536,130560,0,3,5311400,13.5606,13501720953657113853
maze,naive_compress,65536,130560,1,3,5117700,13.066,13501720953657113853
maze,naive_compress,65536,130560,2,3,5134100,13.1079,13501720953657113853
maze,naive_compress,65536,130560,3,3,5179900,13.2248,13501720953657113853
maze,naive_compress,65536,130560,4,3,5140900,13.1253,13501720953657113853
maze,naive_compress,65536,130560,5,3,5284700,13.4924,13501720953657113853
maze,naive_compress,65536,130560,6,3,5391200,13.7643,13501720953657113853
maze,naive_halve,65536,130560,0,3,4998800,12.7625,13501720953657113853
maze,naive_halve,65536,130560,1,3,5268400,13.4508,13501720953657113853
maze,naive_halve,65536,130560,2,3,5149200,13.1464,13501720953657113853
maze,naive_halve,65536,130560,3,3,4890900,12.487,13501720953657113853
maze,naive_halve,65536,130560,4,3,5174500,13.211,13501720953657113853
maze,naive_halve,65536,130560,5,3,5229100,13.3504,13501720953657113853
maze,naive_halve,65536,130560,6,3,4939700,12.6116,13501720953657113853
maze,rank_none,65536,130560,0,3,5798200,14.8034,13501720953657113853
maze,rank_none,65536,130560,1,3,5686600,14.5185,13501720953657113853
maze,rank_none,65536,130560,2,3,5883700,15.0217,13501720953657113853
maze,rank_none,65536,130560,3,3,5732500,14.6357,13501720953657113853
maze,rank_none,65536,130560,4,3,5651200,14.4281,13501720953657113853
maze,rank_none,65536,130560,5,3,5862500,14.9676,13501720953657113853
maze,rank_none,65536,130560,6,3,5745800,14.6696,13501720953657113853
maze,rank_compress,65536,130560,0,5,6233700,9.54917,13501720953657113853
maze,rank_compress,65536,130560,1,5,6162300,9.4398,13501720953657113853
maze,rank_compress,65536,130560,2,5,6250300,9.5746,13501720953657113853
maze,rank_compress,65536,130560,3,5,6249600,9.57353,13501720953657113853
maze,rank_compress,65536,130560,4,5,6195400,9.4905,13501720953657113853
maze,rank_compress,65536,130560,5,5,6262900,9.5939,13501720953657113853
maze,rank_compress,65536,130560,6,5,6159000,9.43474,13501720953657113853
maze,rank_halve,65536,130560,0,6,5831500,7.44421,13501720953657113853
maze,rank_halve,65536,130560,1,6,5786100,7.38626,13501720953657113853
maze,rank_halve,65536,130560,2,6,5950900,7.59664,13501720953657113853
maze,rank_halve,65536,130560,3,6,5878200,7.50383,13501720953657113853
maze,rank_halve,65536,130560,4,6,5847400,7.46451,13501720953657113853
maze,rank_halve,65536,130560,5,6,5816900,7.42558,13501720953657113853
maze,rank_halve,65536,130560,6,6,6038800,7.70884,13501720953657113853
maze,size_none,65536,130560,0,3,5116700,13.0635,13501720953657113853
maze,size_none,65536,130560,1,3,5250500,13.4051,13501720953657113853
maze,size_none,65536,130560,2,3,5143200,13.1311,13501720953657113853
maze,size_none,65536,130560,3,3,5151100,13.1513,13501720953657113853
maze,size_none,65536,130560,4,3,5232900,13.3601,13501720953657113853
maze,size_none,65536,130560,5,3,5176400,13.2159,13501720953657113853
maze,size_none,65536,130560,6,3,5223200,13.3354,13501720953657113853
maze,size_compress,65536,130560,0,5,5543400,8.49173,13501720953657113853
maze,size_compress,65536,130560,1,5,5628500,8.62209,13501720953657113853
maze,size_compress,65536,130560,2,5,5571700,8.53508,13501720953657113853
maze,size_compress,65536,130560,3,5,5457300,8.35983,13501720953657113853
maze,size_compress,65536,130560,4,5,5453600,8.35417,13501720953657113853
maze,size_compress,65536,130560,5,5,5491000,8.41146,13501720953657113853
maze,size_compress,65536,130560,6,5,5458400,8.36152,13501720953657113853
maze,size_halve,65536,130560,0,6,5073300,6.47633,13501720953657113853
maze,size_halve,65536,130560,1,6,5046300,6.44187,13501720953657113853
maze,size_halve,65536,130560,2,6,5101500,6.51233,13501720953657113853
maze,size_halve,65536,130560,3,6,5067900,6.46944,13501720953657113853
maze,size_halve,65536,130560,4,6,4966000,6.33936,13501720953657113853
maze,size_halve,65536,130560,5,6,4953800,6.32378,13501720953657113853
maze,size_halve,65536,130560,6,6,5252700,6.70535,13501720953657113853
maze,quickfind,131072,261376,0,1,3743228700,14321.2,8092194056481076247
maze,quickfind,131072,261376,1,1,3754778600,14365.4,8092194056481076247
maze,quickfind,131072,261376,2,1,3769410900,14421.4,8092194056481076247
maze,quickfind,131072,261376,3,1,3781308600,14466.9,8092194056481076247
maze,quickfind,131072,261376,4,1,3728993400,14266.8,8092194056481076247
maze,quickfind,131072,261376,5,1,3757898300,14377.4,8092194056481076247
maze,quickfind,131072,261376,6,1,3761015100,14389.3,8092194056481076247
maze,naive_none,131072,261376,0,1,3483732500,13328.4,8092194056481076247
maze,naive_none,131072,261376,1,1,3482739800,13324.6,8092194056481076247
maze,naive_none,131072,261376,2,1,3488466500,13346.5,8092194056481076247
maze,naive_none,131072,261376,3,1,3476997800,13302.7,8092194056481076247
maze,naive_none,131072,261376,4,1,3475304300,13296.2,8092194056481076247
maze,naive_none,131072,261376,5,1,3475313900,13296.2,8092194056481076247
maze,naive_none,131072,261376,6,1,3483323400,13326.9,8092194056481076247
maze,naive_compress,131072,261376,0,2,7470800,14.2913,8092194056481076247
maze,naive_compress,131072,261376,1,2,7493900,14.3355,8092194056481076247
maze,naive_compress,131072,261376,2,2,7555200,14.4527,8092194056481076247
maze,naive_compress,131072,261376,3,2,7799000,14.9191,8092194056481076247
maze,naive_compress,131072,261376,4,2,7465500,14.2812,8092194056481076247
maze,naive_compress,131072,261376,5,2,7523800,14.3927,8092194056481076247
maze,naive_compress,131072,261376,6,2,7524400,14.3938,8092194056481076247
maze,naive_halve,131072,261376,0,2,7179900,13.7348,8092194056481076247
maze,naive_halve,131072,261376,1,2,7128200,13.6359,8092194056481076247
maze,naive_halve,131072,261376,2,2,7184600,13.7438,8092194056481076247
maze,naive_halve,131072,261376,3,2,7363600,14.0862,8092194056481076247
maze,naive_halve,131072,261376,4,2,7276800,13.9202,8092194056481076247
maze,naive_halve,131072,261376,5,2,7182900,13.7406,8092194056481076247
maze,naive_halve,131072,261376,6,2,7290200,13.9458,8092194056481076247
maze,rank_none,131072,261376,0,2,8611600,16.4736,8092194056481076247
maze,rank_none,131072,261376,1,2,8726700,16.6938,8092194056481076247
maze,rank_none,131072,261376,2,2,8902700,17.0304,8092194056481076247
maze,rank_none,131072,261376,3,2,8785300,16.8059,8092194056481076247
maze,rank_none,131072,261376,4,2,8807600,16.8485,8092194056481076247
maze,rank_none,131072,261376,5,2,8838600,16.9078,8092194056481076247
maze,rank_none,131072,261376,6,2,8765400,16.7678,8092194056481076247
maze,rank_compress,131072,261376,0,2,5407200,10.3437,8092194056481076247
maze,rank_compress,131072,261376,1,2,5411100,10.3512,8092194056481076247
maze,rank_compress,131072,261376,2,2,5484600,10.4918,8092194056481076247
maze,rank_compress,131072,261376,3,2,5406200,10.3418,8092194056481076247
maze,rank_compress,131072,261376,4,2,5470500,10.4648,8092194056481076247
maze,rank_compress,131072,261376,5,2,5647500,10.8034,8092194056481076247
maze,rank_compress,131072,261376,6,2,5518200,10.5561,8092194056481076247
maze,rank_halve,131072,261376,0,3,6876400,8.76949,8092194056481076247
maze,rank_halve,131072,261376,1,3,6656200,8.48867,8092194056481076247
maze,rank_halve,131072,261376,2,3,6672100,8.50894,8092194056481076247
maze,rank_halve,131072,261376,3,3,6561900,8.3684,8092194056481076247
maze,rank_halve,131072,261376,4,3,6653800,8.4856,8092194056481076247
maze,rank_halve,131072,261376,5,3,6579700,8.3911,8092194056481076247
maze,rank_halve,131072,261376,6,3,6636600,8.46367,8092194056481076247
maze,size_none,131072,261376,0,2,7718400,14.7649,8092194056481076247
maze,size_none,131072,261376,1,2,7983400,15.2719,8092194056481076247
maze,size_none,131072,261376,2,2,7847800,15.0125,8092194056481076247
maze,size_none,131072,261376,3,2,8274100,15.828,8092194056481076247
maze,size_none,131072,261376,4,2,8123800,15.5404,8092194056481076247
maze,size_none,131072,261376,5,2,8044000,15.3878,8092194056481076247
maze,size_none,131072,261376,6,2,7893400,15.0997,8092194056481076247
maze,size_compress,131072,261376,0,3,7095600,9.04903,8092194056481076247
maze,size_compress,131072,261376,1,3,7125500,9.08716,8092194056481076247
maze,size_compress,131072,261376,2,3,7044300,8.98361,8092194056481076247
maze,size_compress,131072,261376,3,3,7149700,9.11803,8092194056481076247
maze,size_compress,131072,261376,4,3,6999000,8.92584,8092194056481076247
maze,size_compress,131072,261376,5,3,7306700,9.31825,8092194056481076247
maze,size_compress,131072,261376,6,3,7270900,9.27259,8092194056481076247
maze,size_halve,131072,261376,0,3,5524100,7.0449,8092194056481076247
maze,size_halve,131072,261376,1,3,5512600,7.03023,8092194056481076247
maze,size_halve,131072,261376,2,3,5571100,7.10483,8092194056481076247
maze,size_halve,131072,261376,3,3,5604300,7.14717,8092194056481076247
maze,size_halve,131072,261376,4,3,5521300,7.04132,8092194056481076247
maze,size_halve,131072,261376,5,3,5605800,7.14909,8092194056481076247
maze,size_halve,131072,261376,6,3,5525300,7.04643,8092194056481076247
maze,naive_compress,262144,523264,0,1,8202100,15.6749,18035501091928603585
maze,naive_compress,262144,523264,1,1,8081800,15.445,18035501091928603585
maze,naive_compress,262144,523264,2,1,8171300,15.616,18035501091928603585
maze,naive_compress,262144,523264,3,1,8119800,15.5176,18035501091928603585
maze,naive_compress,262144,523264,4,1,8418300,16.0881,18035501091928603585
maze,naive_compress,262144,523264,5,1,8602500,16.4401,18035501091928603585
maze,naive_compress,262144,523264,6,1,8213400,15.6965,18035501091928603585
maze,naive_halve,262144,523264,0,1,8173800,15.6208,18035501091928603585
maze,naive_halve,262144,523264,1,1,8160900,15.5961,18035501091928603585
maze,naive_halve,262144,523264,2,1,8134300,15.5453,18035501091928603585
maze,naive_halve,262144,523264,3,1,7888600,15.0758,18035501091928603585
maze,naive_halve,262144,523264,4,1,7985300,15.2606,18035501091928603585
maze,naive_halve,262144,523264,5,1,7748500,14.808,18035501091928603585
maze,naive_halve,262144,523264,6,1,8370700,15.9971,18035501091928603585
maze,rank_none,262144,523264,0,1,9263400,17.7031,18035501091928603585
maze,rank_none,262144,523264,1,1,9562000,18.2738,18035501091928603585
maze,rank_none,262144,523264,2,1,9358100,17.8841,18035501091928603585
maze,rank_none,262144,523264,3,1,9258500,17.6937,18035501091928603585
maze,rank_none,262144,523264,4,1,9172200,17.5288,18035501091928603585
maze,rank_none,262144,523264,5,1,9465200,18.0888,18035501091928603585
maze,rank_none,262144,523264,6,1,9351500,17.8715,18035501091928603585
maze,rank_compress,262144,523264,0,1,6167800,11.7872,18035501091928603585
maze,rank_compress,262144,523264,1,1,6234500,11.9146,18035501091928603585
maze,rank_compress,262144,523264,2,1,6168800,11.7891,18035501091928603585
maze,rank_compress,262144,523264,3,1,6084900,11.6287,18035501091928603585
maze,rank_compress,262144,523264,4,1,6006100,11.4781,18035501091928603585
maze,rank_compress,262144,523264,5,1,5918100,11.31,18035501091928603585
maze,rank_compress,262144,523264,6,1,5977700,11.4239,18035501091928603585
maze,rank_halve,262144,523264,0,2,9546000,9.12159,18035501091928603585
maze,rank_halve,262144,523264,1,2,9743700,9.3105,18035501091928603585
maze,rank_halve,262144,523264,2,2,10155400,9.7039,18035501091928603585
maze,rank_halve,262144,523264,3,2,10053800,9.60681,18035501091928603585
maze,rank_halve,262144,523264,4,2,9562400,9.13726,18035501091928603585
maze,rank_halve,262144,523264,5,2,9671600,9.24161,18035501091928603585
maze,rank_halve,262144,523264,6,2,9678800,9.24849,18035501091928603585
maze,size_none,262144,523264,0,1,8519900,16.2822,18035501091928603585
maze,size_none,262144,523264,1,1,8315700,15.892,18035501091928603585
maze,size_none,262144,523264,2,1,8454700,16.1576,18035501091928603585
maze,size_none,262144,523264,3,1,8260200,15.7859,18035501091928603585
maze,size_none,262144,523264,4,1,8418700,16.0888,18035501091928603585
maze,size_none,262144,523264,5,1,8442200,16.1337,18035501091928603585
maze,size_none,262144,523264,6,1,8450000,16.1486,18035501091928603585
maze,size_compress,262144,523264,0,1,5211900,9.96036,18035501091928603585
maze,size_compress,262144,523264,1,1,5287700,10.1052,18035501091928603585
maze,size_compress,262144,523264,2,1,5263600,10.0592,18035501091928603585
maze,size_compress,262144,523264,3,1,5111600,9.76868,18035501091928603585
maze,size_compress,262144,523264,4,1,5249000,10.0313,18035501091928603585
maze,size_compress,262144,523264,5,1,5222100,9.97986,18035501091928603585
maze,size_compress,262144,523264,6,1,5073900,9.69663,18035501091928603585
maze,size_halve,262144,523264,0,2,8080600,7.72134,18035501091928603585
maze,size_halve,262144,523264,1,2,8153200,7.79071,18035501091928603585
maze,size_halve,262144,523264,2,2,8179700,7.81604,18035501091928603585
maze,size_halve,262144,523264,3,2,8254100,7.88713,18035501091928603585
maze,size_halve,262144,523264,4,2,8274600,7.90672,18035501091928603585
maze,size_halve,262144,523264,5,2,8083800,7.7244,18035501091928603585
maze,size_halve,262144,523264,6,2,8105400,7.74504,18035501091928603585
maze,naive_compress,524288,1047040,0,1,19007700,18.1537,2235406340681356245
maze,naive_compress,524288,1047040,1,1,19042100,18.1866,2235406340681356245
maze,naive_compress,524288,1047040,2,1,19026900,18.1721,2235406340681356245
maze,naive_compress,524288,1047040,3,1,19010400,18.1563,2235406340681356245
maze,naive_compress,524288,1047040,4,1,18867000,18.0194,2235406340681356245
maze,naive_compress,524288,1047040,5,1,18955700,18.1041,2235406340681356245
maze,naive_compress,524288,1047040,6,1,19079100,18.2219,2235406340681356245
maze,naive_halve,524288,1047040,0,1,19266000,18.4004,2235406340681356245
maze,naive_halve,524288,1047040,1,1,18968700,18.1165,2235406340681356245
maze,naive_halve,524288,1047040,2,1,18967000,18.1149,2235406340681356245
maze,naive_halve,524288,1047040,3,1,18909300,18.0598,2235406340681356245
maze,naive_halve,524288,1047040,4,1,18899200,18.0501,2235406340681356245
maze,naive_halve,524288,1047040,5,1,18476900,17.6468,2235406340681356245
maze,naive_halve,524288,1047040,6,1,18546600,17.7134,2235406340681356245
maze,rank_none,524288,1047040,0,1,21434800,20.4718,2235406340681356245
maze,rank_none,524288,1047040,1,1,20802200,19.8676,2235406340681356245
maze,rank_none,524288,1047040,2,1,21051000,20.1052,2235406340681356245
maze,rank_none,524288,1047040,3,1,20850900,19.9141,2235406340681356245
maze,rank_none,524288,1047040,4,1,21067600,20.1211,2235406340681356245
maze,rank_none,524288,1047040,5,1,21459800,20.4957,2235406340681356245
maze,rank_none,524288,1047040,6,1,20982100,20.0394,2235406340681356245
maze,rank_compress,524288,1047040,0,1,13085000,12.4971,2235406340681356245
maze,rank_compress,524288,1047040,1,1,13545300,12.9368,2235406340681356245
maze,rank_compress,524288,1047040,2,1,13254100,12.6586,2235406340681356245
maze,rank_compress,524288,1047040,3,1,13242200,12.6473,2235406340681356245
maze,rank_compress,524288,1047040,4,1,13263100,12.6672,2235406340681356245
maze,rank_compress,524288,1047040,5,1,13083000,12.4952,2235406340681356245
maze,rank_compress,524288,1047040,6,1,13204600,12.6114,2235406340681356245
maze,rank_halve,524288,1047040,0,1,10981800,10.4884,2235406340681356245
maze,rank_halve,524288,1047040,1,1,11071500,10.5741,2235406340681356245
maze,rank_halve,524288,1047040,2,1,11163900,10.6623,2235406340681356245
maze,rank_halve,524288,1047040,3,1,10970600,10.4777,2235406340681356245
maze,rank_halve,524288,1047040,4,1,10956500,10.4643,2235406340681356245
maze,rank_halve,524288,1047040,5,1,11010700,10.516,2235406340681356245
maze,rank_halve,524288,1047040,6,1,10828700,10.3422,2235406340681356245
maze,size_none,524288,1047040,0,1,18777600,17.934,2235406340681356245
maze,size_none,524288,1047040,1,1,18669400,17.8306,2235406340681356245
maze,size_none,524288,1047040,2,1,18956100,18.1045,2235406340681356245
maze,size_none,524288,1047040,3,1,18828000,17.9821,2235406340681356245
maze,size_none,524288,1047040,4,1,18652300,17.8143,2235406340681356245
maze,size_none,524288,1047040,5,1,18615000,17.7787,2235406340681356245
maze,size_none,524288,1047040,6,1,18688000,17.8484,2235406340681356245
maze,size_compress,524288,1047040,0,1,11853700,11.3212,2235406340681356245
maze,size_compress,524288,1047040,1,1,11690600,11.1654,2235406340681356245
maze,size_compress,524288,1047040,2,1,11949200,11.4124,2235406340681356245
maze,size_compress,524288,1047040,3,1,11792200,11.2624,2235406340681356245
maze,size_compress,524288,1047040,4,1,12094500,11.5511,2235406340681356245
maze,size_compress,524288,1047040,5,1,12025500,11.4852,2235406340681356245
maze,size_compress,524288,1047040,6,1,11835500,11.3038,2235406340681356245
maze,size_halve,524288,1047040,0,1,9898000,9.45332,2235406340681356245
maze,size_halve,524288,1047040,1,1,9472200,9.04665,2235406340681356245
maze,size_halve,524288,1047040,2,1,9901400,9.45656,2235406340681356245
maze,size_halve,524288,1047040,3,1,9819000,9.37787,2235406340681356245
maze,size_halve,524288,1047040,4,1,9563900,9.13423,2235406340681356245
maze,size_halve,524288,1047040,5,1,9485900,9.05973,2235406340681356245
maze,size_halve,524288,1047040,6,1,9611100,9.17931,2235406340681356245
maze,naive_compress,1048576,2095104,0,1,41959900,20.0276,506728551513925935
maze,naive_compress,1048576,2095104,1,1,41472500,19.795,506728551513925935
maze,naive_compress,1048576,2095104,2,1,41484000,19.8004,506728551513925935
maze,naive_compress,1048576,2095104,3,1,42294200,20.1872,506728551513925935
maze,naive_compress,1048576,2095104,4,1,41928600,20.0127,506728551513925935
maze,naive_compress,1048576,2095104,5,1,42200700,20.1425,506728551513925935
maze,naive_compress,1048576,2095104,6,1,42062300,20.0765,506728551513925935
maze,naive_halve,1048576,2095104,0,1,43536700,20.7802,506728551513925935
maze,naive_halve,1048576,2095104,1,1,43673300,20.8454,506728551513925935
maze,naive_halve,1048576,2095104,2,1,43847000,20.9283,506728551513925935
maze,naive_halve,1048576,2095104,3,1,43615400,20.8178,506728551513925935
maze,naive_halve,1048576,2095104,4,1,43917300,20.9619,506728551513925935
maze,naive_halve,1048576,2095104,5,1,43994200,20.9986,506728551513925935
maze,naive_halve,1048576,2095104,6,1,43926100,20.9661,506728551513925935
maze,rank_none,1048576,2095104,0,1,47578100,22.7092,506728551513925935
maze,rank_none,1048576,2095104,1,1,47150800,22.5052,506728551513925935
maze,rank_none,1048576,2095104,2,1,46767200,22.3221,506728551513925935
maze,rank_none,1048576,2095104,3,1,46650900,22.2666,506728551513925935
maze,rank_none,1048576,2095104,4,1,46827900,22.3511,506728551513925935
maze,rank_none,1048576,2095104,5,1,47751000,22.7917,506728551513925935
maze,rank_none,1048576,2095104,6,1,45913800,21.9148,506728551513925935
maze,rank_compress,1048576,2095104,0,1,28831200,13.7612,506728551513925935
maze,rank_compress,1048576,2095104,1,1,29076700,13.8784,506728551513925935
maze,rank_compress,1048576,2095104,2,1,29043000,13.8623,506728551513925935
maze,rank_compress,1048576,2095104,3,1,28795700,13.7443,506728551513925935
maze,rank_compress,1048576,2095104,4,1,28010800,13.3696,506728551513925935
maze,rank_compress,1048576,2095104,5,1,28008600,13.3686,506728551513925935
maze,rank_compress,1048576,2095104,6,1,28411100,13.5607,506728551513925935
maze,rank_halve,1048576,2095104,0,1,27222700,12.9935,506728551513925935
maze,rank_halve,1048576,2095104,1,1,24448200,11.6692,506728551513925935
maze,rank_halve,1048576,2095104,2,1,24432600,11.6618,506728551513925935
maze,rank_halve,1048576,2095104,3,1,24338000,11.6166,506728551513925935
maze,rank_halve,1048576,2095104,4,1,24130600,11.5176,506728551513925935
maze,rank_halve,1048576,2095104,5,1,24674600,11.7773,506728551513925935
maze,rank_halve,1048576,2095104,6,1,24017300,11.4635,506728551513925935
maze,size_none,1048576,2095104,0,1,42332400,20.2054,506728551513925935
maze,size_none,1048576,2095104,1,1,42558000,20.3131,506728551513925935
maze,size_none,1048576,2095104,2,1,42326300,20.2025,506728551513925935
maze,size_none,1048576,2095104,3,1,42215600,20.1496,506728551513925935
maze,size_none,1048576,2095104,4,1,43461000,20.7441,506728551513925935
maze,size_none,1048576,2095104,5,1,42044600,20.068,506728551513925935
maze,size_none,1048576,2095104,6,1,42620900,20.3431,506728551513925935
maze,size_compress,1048576,2095104,0,1,26890600,12.835,506728551513925935
maze,size_compress,1048576,2095104,1,1,25973200,12.3971,506728551513925935
maze,size_compress,1048576,2095104,2,1,25915600,12.3696,506728551513925935
maze,size_compress,1048576,2095104,3,1,25925200,12.3742,506728551513925935
maze,size_compress,1048576,2095104,4,1,25891000,12.3579,506728551513925935
maze,size_compress,1048576,2095104,5,1,26283600,12.5452,506728551513925935
maze,size_compress,1048576,2095104,6,1,26304000,12.555,506728551513925935
maze,size_halve,1048576,2095104,0,1,21965000,10.484,506728551513925935
maze,size_halve,1048576,2095104,1,1,21761100,10.3866,506728551513925935
maze,size_halve,1048576,2095104,2,1,22353600,10.6694,506728551513925935
maze,size_halve,1048576,2095104,3,1,21982800,10.4925,506728551513925935
maze,size_halve,1048576,2095104,4,1,21598800,10.3092,506728551513925935
maze,size_halve,1048576,2095104,5,1,21468600,10.247,506728551513925935
maze,size_halve,1048576,2095104,6,1,22155200,10.5747,506728551513925935
maze,naive_compress,2097152,4191232,0,1,93912700,22.4069,1423295404568163563
maze,naive_compress,2097152,4191232,1,1,95121900,22.6955,1423295404568163563
maze,naive_compress,2097152,4191232,2,1,93153400,22.2258,1423295404568163563
maze,naive_compress,2097152,4191232,3,1,93348100,22.2722,1423295404568163563
maze,naive_compress,2097152,4191232,4,1,93738300,22.3653,1423295404568163563
maze,naive_compress,2097152,4191232,5,1,94054500,22.4408,1423295404568163563
maze,naive_compress,2097152,4191232,6,1,92846000,22.1524,1423295404568163563
maze,naive_halve,2097152,4191232,0,1,101189800,24.1432,1423295404568163563
maze,naive_halve,2097152,4191232,1,1,100374300,23.9486,1423295404568163563
maze,naive_halve,2097152,4191232,2,1,102970000,24.568,1423295404568163563
maze,naive_halve,2097152,4191232,3,1,100863400,24.0653,1423295404568163563
maze,naive_halve,2097152,4191232,4,1,105353100,25.1365,1423295404568163563
maze,naive_halve,2097152,4191232,5,1,103102100,24.5995,1423295404568163563
maze,naive_halve,2097152,4191232,6,1,104853800,25.0174,1423295404568163563
maze,rank_none,2097152,4191232,0,1,115137100,27.4709,1423295404568163563
maze,rank_none,2097152,4191232,1,1,111958100,26.7125,1423295404568163563
maze,rank_none,2097152,4191232,2,1,120144500,28.6657,1423295404568163563
maze,rank_none,2097152,4191232,3,1,116411800,27.7751,1423295404568163563
maze,rank_none,2097152,4191232,4,1,114199800,27.2473,1423295404568163563
maze,rank_none,2097152,4191232,5,1,117055100,27.9286,1423295404568163563
maze,rank_none,2097152,4191232,6,1,118590800,28.295,1423295404568163563
maze,rank_compress,2097152,4191232,0,1,81967400,19.5569,1423295404568163563
maze,rank_compress,2097152,4191232,1,1,83738700,19.9795,1423295404568163563
maze,rank_compress,2097152,4191232,2,1,83543800,19.933,1423295404568163563
maze,rank_compress,2097152,4191232,3,1,78267700,18.6742,1423295404568163563
maze,rank_compress,2097152,4191232,4,1,70540700,16.8305,1423295404568163563
maze,rank_compress,2097152,4191232,5,1,73487400,17.5336,1423295404568163563
maze,rank_compress,2097152,4191232,6,1,71234900,16.9962,1423295404568163563
maze,rank_halve,2097152,4191232,0,1,92261000,22.0129,1423295404568163563
maze,rank_halve,2097152,4191232,1,1,77519500,18.4956,1423295404568163563
maze,rank_halve,2097152,4191232,2,1,94033800,22.4358,1423295404568163563
maze,rank_halve,2097152,4191232,3,1,80809200,19.2805,1423295404568163563
maze,rank_halve,2097152,4191232,4,1,71137500,16.9729,1423295404568163563
maze,rank_halve,2097152,4191232,5,1,72640700,17.3316,1423295404568163563
maze,rank_halve,2097152,4191232,6,1,66062900,15.7622,1423295404568163563
maze,size_none,2097152,4191232,0,1,109343600,26.0887,1423295404568163563
maze,size_none,2097152,4191232,1,1,114259800,27.2616,1423295404568163563
maze,size_none,2097152,4191232,2,1,109455000,26.1152,1423295404568163563
maze,size_none,2097152,4191232,3,1,103075100,24.593,1423295404568163563
maze,size_none,2097152,4191232,4,1,111954300,26.7115,1423295404568163563
maze,size_none,2097152,4191232,5,1,103802300,24.7665,1423295404568163563
maze,size_none,2097152,4191232,6,1,107252000,25.5896,1423295404568163563
maze,size_compress,2097152,4191232,0,1,66627200,15.8968,1423295404568163563
maze,size_compress,2097152,4191232,1,1,67435200,16.0896,1423295404568163563
maze,size_compress,2097152,4191232,2,1,93250600,22.249,1423295404568163563
maze,size_compress,2097152,4191232,3,1,71433600,17.0436,1423295404568163563
maze,size_compress,2097152,4191232,4,1,80566600,19.2227,1423295404568163563
maze,size_compress,2097152,4191232,5,1,80583200,19.2266,1423295404568163563
maze,size_compress,2097152,4191232,6,1,68691500,16.3893,1423295404568163563
maze,size_halve,2097152,4191232,0,1,67486400,16.1018,1423295404568163563
maze,size_halve,2097152,4191232,1,1,77307600,18.4451,1423295404568163563
maze,size_halve,2097152,4191232,2,1,68861000,16.4298,1423295404568163563
maze,size_halve,2097152,4191232,3,1,67840100,16.1862,1423295404568163563
maze,size_halve,2097152,4191232,4,1,70364700,16.7885,1423295404568163563
maze,size_halve,2097152,4191232,5,1,70919500,16.9209,1423295404568163563
maze,size_halve,2097152,4191232,6,1,69562000,16.597,1423295404568163563
maze,naive_compress,4194304,8384512,0,1,341269700,40.7024,2756799595761001847
maze,naive_compress,4194304,8384512,1,1,331505200,39.5378,2756799595761001847
maze,naive_compress,4194304,8384512,2,1,339112300,40.4451,2756799595761001847
maze,naive_compress,4194304,8384512,3,1,337618500,40.2669,2756799595761001847
maze,naive_compress,4194304,8384512,4,1,349073900,41.6332,2756799595761001847
maze,naive_compress,4194304,8384512,5,1,326399300,38.9288,2756799595761001847
maze,naive_compress,4194304,8384512,6,1,345824800,41.2457,2756799595761001847
maze,naive_halve,4194304,8384512,0,1,375526400,44.7881,2756799595761001847
maze,naive_halve,4194304,8384512,1,1,382605600,45.6324,2756799595761001847
maze,naive_halve,4194304,8384512,2,1,367518500,43.833,2756799595761001847
maze,naive_halve,4194304,8384512,3,1,358917800,42.8072,2756799595761001847
maze,naive_halve,4194304,8384512,4,1,365300100,43.5684,2756799595761001847
maze,naive_halve,4194304,8384512,5,1,347584000,41.4555,2756799595761001847
maze,naive_halve,4194304,8384512,6,1,401476700,47.8831,2756799595761001847
maze,rank_none,4194304,8384512,0,1,395686700,47.1926,2756799595761001847
maze,rank_none,4194304,8384512,1,1,374991000,44.7242,2756799595761001847
maze,rank_none,4194304,8384512,2,1,355687600,42.422,2756799595761001847
maze,rank_none,4194304,8384512,3,1,336471800,40.1302,2756799595761001847
maze,rank_none,4194304,8384512,4,1,362582500,43.2443,2756799595761001847
maze,rank_none,4194304,8384512,5,1,347068800,41.394,2756799595761001847
maze,rank_none,4194304,8384512,6,1,360818100,43.0339,2756799595761001847
maze,rank_compress,4194304,8384512,0,1,264823700,31.5849,2756799595761001847
maze,rank_compress,4194304,8384512,1,1,265197900,31.6295,2756799595761001847
maze,rank_compress,4194304,8384512,2,1,259968100,31.0058,2756799595761001847
maze,rank_compress,4194304,8384512,3,1,272865000,32.5439,2756799595761001847
maze,rank_compress,4194304,8384512,4,1,256942500,30.6449,2756799595761001847
maze,rank_compress,4194304,8384512,5,1,263698300,31.4506,2756799595761001847
maze,rank_compress,4194304,8384512,6,1,266975700,31.8415,2756799595761001847
maze,rank_halve,4194304,8384512,0,1,249880700,29.8027,2756799595761001847
maze,rank_halve,4194304,8384512,1,1,253500100,30.2343,2756799595761001847
maze,rank_halve,4194304,8384512,2,1,253346800,30.216,2756799595761001847
maze,rank_halve,4194304,8384512,3,1,251420000,29.9862,2756799595761001847
maze,rank_halve,4194304,8384512,4,1,250697500,29.9001,2756799595761001847
maze,rank_halve,4194304,8384512,5,1,245864000,29.3236,2756799595761001847
maze,rank_halve,4194304,8384512,6,1,255770400,30.5051,2756799595761001847
maze,size_none,4194304,8384512,0,1,366741400,43.7403,2756799595761001847
maze,size_none,4194304,8384512,1,1,385011600,45.9194,2756799595761001847
maze,size_none,4194304,8384512,2,1,341922200,40.7802,2756799595761001847
maze,size_none,4194304,8384512,3,1,328437900,39.172,2756799595761001847
maze,size_none,4194304,8384512,4,1,353323000,42.14,2756799595761001847
maze,size_none,4194304,8384512,5,1,344937000,41.1398,2756799595761001847
maze,size_none,4194304,8384512,6,1,394408000,47.0401,2756799595761001847
maze,size_compress,4194304,8384512,0,1,253206800,30.1993,2756799595761001847
maze,size_compress,4194304,8384512,1,1,241195900,28.7668,2756799595761001847
maze,size_compress,4194304,8384512,2,1,247737600,29.5471,2756799595761001847
maze,size_compress,4194304,8384512,3,1,254412600,30.3432,2756799595761001847
maze,size_compress,4194304,8384512,4,1,243188500,29.0045,2756799595761001847
maze,size_compress,4194304,8384512,5,1,253451900,30.2286,2756799595761001847
maze,size_compress,4194304,8384512,6,1,237837800,28.3663,2756799595761001847
maze,size_halve,4194304,8384512,0,1,231247000,27.5803,2756799595761001847
maze,size_halve,4194304,8384512,1,1,234940200,28.0207,2756799595761001847
maze,size_halve,4194304,8384512,2,1,266750800,31.8147,2756799595761001847
maze,size_halve,4194304,8384512,3,1,233340400,27.8299,2756799595761001847
maze,size_halve,4194304,8384512,4,1,245618000,29.2943,2756799595761001847
maze,size_halve,4194304,8384512,5,1,235135900,28.0441,2756799595761001847
maze,size_halve,4194304,8384512,6,1,271466800,32.3772,2756799595761001847
maze,naive_compress,8388608,16771072,0,1,1159903700,69.161,1747239293001817183
maze,naive_compress,8388608,16771072,1,1,1139458800,67.9419,1747239293001817183
maze,naive_compress,8388608,16771072,2,1,1294180800,77.1674,1747239293001817183
maze,naive_compress,8388608,16771072,3,1,1120004100,66.7819,1747239293001817183
maze,naive_compress,8388608,16771072,4,1,1109963100,66.1832,1747239293001817183
maze,naive_compress,8388608,16771072,5,1,1162803700,69.3339,1747239293001817183
maze,naive_compress,8388608,16771072,6,1,1091629400,65.09,1747239293001817183
maze,naive_halve,8388608,16771072,0,1,1302025200,77.6352,1747239293001817183
maze,naive_halve,8388608,16771072,1,1,1403877100,83.7083,1747239293001817183
maze,naive_halve,8388608,16771072,2,1,1443689600,86.0821,1747239293001817183
maze,naive_halve,8388608,16771072,3,1,1434680400,85.5449,1747239293001817183
maze,naive_halve,8388608,16771072,4,1,1473960400,87.8871,1747239293001817183
maze,naive_halve,8388608,16771072,5,1,1290543200,76.9505,1747239293001817183
maze,naive_halve,8388608,16771072,6,1,1334058500,79.5452,1747239293001817183
maze,rank_none,8388608,16771072,0,1,1047287400,62.4461,1747239293001817183
maze,rank_none,8388608,16771072,1,1,1010090600,60.2281,1747239293001817183
maze,rank_none,8388608,16771072,2,1,988815800,58.9596,1747239293001817183
maze,rank_none,8388608,16771072,3,1,1003000600,59.8054,1747239293001817183
maze,rank_none,8388608,16771072,4,1,990405000,59.0544,1747239293001817183
maze,rank_none,8388608,16771072,5,1,1003740400,59.8495,1747239293001817183
maze,rank_none,8388608,16771072,6,1,1002889300,59.7988,1747239293001817183
maze,rank_compress,8388608,16771072,0,1,670012800,39.9505,1747239293001817183
maze,rank_compress,8388608,16771072,1,1,688279100,41.0397,1747239293001817183
maze,rank_compress,8388608,16771072,2,1,723750500,43.1547,1747239293001817183
maze,rank_compress,8388608,16771072,3,1,740563000,44.1572,1747239293001817183
maze,rank_compress,8388608,16771072,4,1,699187700,41.6901,1747239293001817183
maze,rank_compress,8388608,16771072,5,1,676120000,40.3147,1747239293001817183
maze,rank_compress,8388608,16771072,6,1,693052200,41.3243,1747239293001817183
maze,rank_halve,8388608,16771072,0,1,726099100,43.2947,1747239293001817183
maze,rank_halve,8388608,16771072,1,1,729342700,43.4881,1747239293001817183
maze,rank_halve,8388608,16771072,2,1,730833500,43.577,1747239293001817183
maze,rank_halve,8388608,16771072,3,1,713544800,42.5462,1747239293001817183
maze,rank_halve,8388608,16771072,4,1,712367700,42.476,1747239293001817183
maze,rank_halve,8388608,16771072,5,1,722409500,43.0747,1747239293001817183
maze,rank_halve,8388608,16771072,6,1,712876800,42.5063,1747239293001817183
maze,size_none,8388608,16771072,0,1,1060833400,63.2538,1747239293001817183
maze,size_none,8388608,16771072,1,1,1060379800,63.2267,1747239293001817183
maze,size_none,8388608,16771072,2,1,995273300,59.3446,1747239293001817183
maze,size_none,8388608,16771072,3,1,942527700,56.1996,1747239293001817183
maze,size_none,8388608,16771072,4,1,907233500,54.0951,1747239293001817183
maze,size_none,8388608,16771072,5,1,910306200,54.2784,1747239293001817183
maze,size_none,8388608,16771072,6,1,983191500,58.6242,1747239293001817183
maze,size_compress,8388608,16771072,0,1,657711200,39.217,1747239293001817183
maze,size_compress,8388608,16771072,1,1,676712500,40.35,1747239293001817183
maze,size_compress,8388608,16771072,2,1,659690400,39.335,1747239293001817183
maze,size_compress,8388608,16771072,3,1,687914000,41.0179,1747239293001817183
maze,size_compress,8388608,16771072,4,1,661295800,39.4307,1747239293001817183
maze,size_compress,8388608,16771072,5,1,653791100,38.9833,1747239293001817183
maze,size_compress,8388608,16771072,6,1,651880400,38.8693,1747239293001817183
maze,size_halve,8388608,16771072,0,1,723523100,43.1411,1747239293001817183
maze,size_halve,8388608,16771072,1,1,731927700,43.6423,1747239293001817183
maze,size_halve,8388608,16771072,2,1,703971700,41.9754,1747239293001817183
maze,size_halve,8388608,16771072,3,1,704623600,42.0142,1747239293001817183
maze,size_halve,8388608,16771072,4,1,706040600,42.0987,1747239293001817183
maze,size_halve,8388608,16771072,5,1,762581300,45.47,1747239293001817183
maze,size_halve,8388608,16771072,6,1,789638500,47.0834,1747239293001817183
maze,naive_compress,16777216,33546240,0,1,3124568400,93.1421,10147772773238733017
maze,naive_compress,16777216,33546240,1,1,3358576000,100.118,10147772773238733017
maze,naive_compress,16777216,33546240,2,1,3132860800,93.3893,10147772773238733017
maze,naive_compress,16777216,33546240,3,1,3121195800,93.0416,10147772773238733017
maze,naive_compress,16777216,33546240,4,1,3166588800,94.3947,10147772773238733017
maze,naive_compress,16777216,33546240,5,1,3117186000,92.9221,10147772773238733017
maze,naive_compress,16777216,33546240,6,1,3116167800,92.8917,10147772773238733017
maze,naive_halve,16777216,33546240,0,1,4079437400,121.606,10147772773238733017
maze,naive_halve,16777216,33546240,1,1,4308180600,128.425,10147772773238733017
maze,naive_halve,16777216,33546240,2,1,4117152300,122.731,10147772773238733017
maze,naive_halve,16777216,33546240,3,1,4120403400,122.828,10147772773238733017
maze,naive_halve,16777216,33546240,4,1,4127078900,123.027,10147772773238733017
maze,naive_halve,16777216,33546240,5,1,4100769600,122.242,10147772773238733017
maze,naive_halve,16777216,33546240,6,1,4265077000,127.14,10147772773238733017
maze,rank_none,16777216,33546240,0,1,2628477400,78.3539,10147772773238733017
maze,rank_none,16777216,33546240,1,1,2580399300,76.9207,10147772773238733017
maze,rank_none,16777216,33546240,2,1,2585129200,77.0617,10147772773238733017
maze,rank_none,16777216,33546240,3,1,2603563300,77.6112,10147772773238733017
maze,rank_none,16777216,33546240,4,1,2618729800,78.0633,10147772773238733017
maze,rank_none,16777216,33546240,5,1,2568284900,76.5595,10147772773238733017
maze,rank_none,16777216,33546240,6,1,2618672400,78.0616,10147772773238733017
maze,rank_compress,16777216,33546240,0,1,1620965200,48.3203,10147772773238733017
maze,rank_compress,16777216,33546240,1,1,1610371500,48.0045,10147772773238733017
maze,rank_compress,16777216,33546240,2,1,1617492600,48.2168,10147772773238733017
maze,rank_compress,16777216,33546240,3,1,1628591200,48.5477,10147772773238733017
maze,rank_compress,16777216,33546240,4,1,1650905500,49.2128,10147772773238733017
maze,rank_compress,16777216,33546240,5,1,1613399000,48.0948,10147772773238733017
maze,rank_compress,16777216,33546240,6,1,1602515200,47.7703,10147772773238733017
maze,rank_halve,16777216,33546240,0,1,1852312600,55.2167,10147772773238733017
maze,rank_halve,16777216,33546240,1,1,1762373700,52.5357,10147772773238733017
maze,rank_halve,16777216,33546240,2,1,1759935200,52.463,10147772773238733017
maze,rank_halve,16777216,33546240,3,1,1757050100,52.377,10147772773238733017
maze,rank_halve,16777216,33546240,4,1,1762573500,52.5416,10147772773238733017
maze,rank_halve,16777216,33546240,5,1,1752535400,52.2424,10147772773238733017
maze,rank_halve,16777216,33546240,6,1,1750967300,52.1956,10147772773238733017
maze,size_none,16777216,33546240,0,1,2420999500,72.169,10147772773238733017
maze,size_none,16777216,33546240,1,1,2654024600,79.1154,10147772773238733017
maze,size_none,16777216,33546240,2,1,2385819100,71.1203,10147772773238733017
maze,size_none,16777216,33546240,3,1,2519899600,75.1172,10147772773238733017
maze,size_none,16777216,33546240,4,1,2330986400,69.4858,10147772773238733017
maze,size_none,16777216,33546240,5,1,2486613100,74.1249,10147772773238733017
maze,size_none,16777216,33546240,6,1,2348277200,70.0012,10147772773238733017
maze,size_compress,16777216,33546240,0,1,1588878100,47.3638,10147772773238733017
maze,size_compress,16777216,33546240,1,1,1588810800,47.3618,10147772773238733017
maze,size_compress,16777216,33546240,2,1,1587028100,47.3087,10147772773238733017
maze,size_compress,16777216,33546240,3,1,1622474300,48.3653,10147772773238733017
maze,size_compress,16777216,33546240,4,1,1600362400,47.7062,10147772773238733017
maze,size_compress,16777216,33546240,5,1,1569911400,46.7984,10147772773238733017
maze,size_compress,16777216,33546240,6,1,1564057000,46.6239,10147772773238733017
maze,size_halve,16777216,33546240,0,1,1705909200,50.8525,10147772773238733017
maze,size_halve,16777216,33546240,1,1,1756156300,52.3503,10147772773238733017
maze,size_halve,16777216,33546240,2,1,1778634700,53.0204,10147772773238733017
maze,size_halve,16777216,33546240,3,1,1738975200,51.8382,10147772773238733017
maze,size_halve,16777216,33546240,4,1,1740413200,51.881,10147772773238733017
maze,size_halve,16777216,33546240,5,1,1730385900,51.5821,10147772773238733017
maze,size_halve,16777216,33546240,6,1,1725028200,51.4224,10147772773238733017
maze_scrambled,quickfind,1024,1984,0,16,4910900,154.703,10376429817346366571
maze_scrambled,quickfind,1024,1984,1,16,4941200,155.658,10376429817346366571
maze_scrambled,quickfind,1024,1984,2,16,4856300,152.983,10376429817346366571
maze_scrambled,quickfind,1024,1984,3,16,4863900,153.223,10376429817346366571
maze_scrambled,quickfind,1024,1984,4,16,4876400,153.616,10376429817346366571
maze_scrambled,quickfind,1024,1984,5,16,4902000,154.423,10376429817346366571
maze_scrambled,quickfind,1024,1984,6,16,4849600,152.772,10376429817346366571
maze_scrambled,naive_none,1024,1984,0,30,2925700,49.1549,10376429817346366571
maze_scrambled,naive_none,1024,1984,1,30,2653400,44.58,10376429817346366571
maze_scrambled,naive_none,1024,1984,2,30,2657400,44.6472,10376429817346366571
maze_scrambled,naive_none,1024,1984,3,30,2644900,44.4372,10376429817346366571
maze_scrambled,naive_none,1024,1984,4,30,2641400,44.3784,10376429817346366571
maze_scrambled,naive_none,1024,1984,5,30,2641200,44.375,10376429817346366571
maze_scrambled,naive_none,1024,1984,6,30,2740900,46.0501,10376429817346366571
maze_scrambled,naive_compress,1024,1984,0,193,1103700,2.88239,10376429817346366571
maze_scrambled,naive_compress,1024,1984,1,193,1035600,2.70454,10376429817346366571
maze_scrambled,naive_compress,1024,1984,2,193,1023800,2.67372,10376429817346366571
maze_scrambled,naive_compress,1024,1984,3,193,1026600,2.68103,10376429817346366571
maze_scrambled,naive_compress,1024,1984,4,193,1024100,2.6745,10376429817346366571
maze_scrambled,naive_compress,1024,1984,5,193,1025200,2.67738,10376429817346366571
maze_scrambled,naive_compress,1024,1984,6,193,1025200,2.67738,10376429817346366571
maze_scrambled,naive_halve,1024,1984,0,153,1108400,3.65143,10376429817346366571
maze_scrambled,naive_halve,1024,1984,1,153,1079100,3.55491,10376429817346366571
maze_scrambled,naive_halve,1024,1984,2,153,1111500,3.66165,10376429817346366571
maze_scrambled,naive_halve,1024,1984,3,153,1061200,3.49594,10376429817346366571
maze_scrambled,naive_halve,1024,1984,4,153,1101300,3.62804,10376429817346366571
maze_scrambled,naive_halve,1024,1984,5,153,1128700,3.71831,10376429817346366571
maze_scrambled,naive_halve,1024,1984,6,153,1099100,3.6208,10376429817346366571
maze_scrambled,rank_none,1024,1984,0,54,292800,2.73297,10376429817346366571
maze_scrambled,rank_none,1024,1984,1,54,255900,2.38855,10376429817346366571
maze_scrambled,rank_none,1024,1984,2,54,253000,2.36148,10376429817346366571
maze_scrambled,rank_none,1024,1984,3,54,253200,2.36335,10376429817346366571
maze_scrambled,rank_none,1024,1984,4,54,254600,2.37642,10376429817346366571
maze_scrambled,rank_none,1024,1984,5,54,260100,2.42776,10376429817346366571
maze_scrambled,rank_none,1024,1984,6,54,252900,2.36055,10376429817346366571
maze_scrambled,rank_compress,1024,1984,0,257,1271800,2.49427,10376429817346366571
maze_scrambled,rank_compress,1024,1984,1,257,1244800,2.44132,10376429817346366571
maze_scrambled,rank_compress,1024,1984,2,257,1236800,2.42563,10376429817346366571
maze_scrambled,rank_compress,1024,1984,3,257,1236100,2.42426,10376429817346366571
maze_scrambled,rank_compress,1024,1984,4,257,1237400,2.42681,10376429817346366571
maze_scrambled,rank_compress,1024,1984,5,257,1236900,2.42583,10376429817346366571
maze_scrambled,rank_compress,1024,1984,6,257,1230900,2.41406,10376429817346366571
maze_scrambled,rank_halve,1024,1984,0,348,1538500,2.22832,10376429817346366571
maze_scrambled,rank_halve,1024,1984,1,348,1483400,2.14851,10376429817346366571
maze_scrambled,rank_halve,1024,1984,2,348,1491800,2.16068,10376429817346366571
maze_scrambled,rank_halve,1024,1984,3,348,1472300,2.13243,10376429817346366571
maze_scrambled,rank_halve,1024,1984,4,348,1466300,2.12374,10376429817346366571
maze_scrambled,rank_halve,1024,1984,5,348,1473600,2.13432,10376429817346366571
maze_scrambled,rank_halve,1024,1984,6,348,1467500,2.12548,10376429817346366571
maze_scrambled,size_none,1024,1984,0,69,346300,2.52966,10376429817346366571
maze_scrambled,size_none,1024,1984,1,69,300600,2.19583,10376429817346366571
maze_scrambled,size_none,1024,1984,2,69,292000,2.13301,10376429817346366571
maze_scrambled,size_none,1024,1984,3,69,305900,2.23454,10376429817346366571
maze_scrambled,size_none,1024,1984,4,69,297700,2.17464,10376429817346366571
maze_scrambled,size_none,1024,1984,5,69,293300,2.1425,10376429817346366571
maze_scrambled,size_none,1024,1984,6,69,351300,2.56618,10376429817346366571
maze_scrambled,size_compress,1024,1984,0,288,1073700,1.8791,10376429817346366571
maze_scrambled,size_compress,1024,1984,1,288,1033500,1.80874,10376429817346366571
maze_scrambled,size_compress,1024,1984,2,288,1026600,1.79666,10376429817346366571
maze_scrambled,size_compress,1024,1984,3,288,1046400,1.83132,10376429817346366571
maze_scrambled,size_compress,1024,1984,4,288,1038200,1.81697,10376429817346366571
maze_scrambled,size_compress,1024,1984,5,288,1039100,1.81854,10376429817346366571
maze_scrambled,size_compress,1024,1984,6,288,1036600,1.81417,10376429817346366571
maze_scrambled,size_halve,1024,1984,0,424,1838500,2.18553,10376429817346366571
maze_scrambled,size_halve,1024,1984,1,424,1805000,2.1457,10376429817346366571
maze_scrambled,size_halve,1024,1984,2,424,1818800,2.16211,10376429817346366571
maze_scrambled,size_halve,1024,1984,3,424,1809700,2.15129,10376429817346366571
maze_scrambled,size_halve,1024,1984,4,424,1813400,2.15569,10376429817346366571
maze_scrambled,size_halve,1024,1984,5,424,1830500,2.17602,10376429817346366571
maze_scrambled,size_halve,1024,1984,6,424,1828400,2.17352,10376429817346366571
maze_scrambled,quickfind,2048,4000,0,5,5541000,277.05,15905995961003478109
maze_scrambled,quickfind,2048,4000,1,5,5597900,279.895,15905995961003478109
maze_scrambled,quickfind,2048,4000,2,5,5623600,281.18,15905995961003478109
maze_scrambled,quickfind,2048,4000,3,5,5540200,277.01,15905995961003478109
maze_scrambled,quickfind,2048,4000,4,5,5504500,275.225,15905995961003478109
maze_scrambled,quickfind,2048,4000,5,5,5568000,278.4,15905995961003478109
maze_scrambled,quickfind,2048,4000,6,5,5690600,284.53,15905995961003478109
maze_scrambled,naive_none,2048,4000,0,11,4152600,94.3773,15905995961003478109
maze_scrambled,naive_none,2048,4000,1,11,4137400,94.0318,15905995961003478109
maze_scrambled,naive_none,2048,4000,2,11,4168100,94.7295,15905995961003478109
maze_scrambled,naive_none,2048,4000,3,11,4132400,93.9182,15905995961003478109
maze_scrambled,naive_none,2048,4000,4,11,4152100,94.3659,15905995961003478109
maze_scrambled,naive_none,2048,4000,5,11,4156700,94.4705,15905995961003478109
maze_scrambled,naive_none,2048,4000,6,11,4160900,94.5659,15905995961003478109
maze_scrambled,naive_compress,2048,4000,0,77,2245600,7.29091,15905995961003478109
maze_scrambled,naive_compress,2048,4000,1,77,2079600,6.75195,15905995961003478109
maze_scrambled,naive_compress,2048,4000,2,77,2164600,7.02792,15905995961003478109
maze_scrambled,naive_compress,2048,4000,3,77,2264000,7.35065,15905995961003478109
maze_scrambled,naive_compress,2048,4000,4,77,2074300,6.73474,15905995961003478109
maze_scrambled,naive_compress,2048,4000,5,77,2086300,6.7737,15905995961003478109
maze_scrambled,naive_compress,2048,4000,6,77,2120300,6.88409,15905995961003478109
maze_scrambled,naive_halve,2048,4000,0,68,1137000,4.18015,15905995961003478109
maze_scrambled,naive_halve,2048,4000,1,68,1050000,3.86029,15905995961003478109
maze_scrambled,naive_halve,2048,4000,2,68,1061400,3.90221,15905995961003478109
maze_scrambled,naive_halve,2048,4000,3,68,1060800,3.9,15905995961003478109
maze_scrambled,naive_halve,2048,4000,4,68,1046400,3.84706,15905995961003478109
maze_scrambled,naive_halve,2048,4000,5,68,1068200,3.92721,15905995961003478109
maze_scrambled,naive_halve,2048,4000,6,68,1104400,4.06029,15905995961003478109
maze_scrambled,rank_none,2048,4000,0,105,1307500,3.1131,15905995961003478109
maze_scrambled,rank_none,2048,4000,1,105,934100,2.22405,15905995961003478109
maze_scrambled,rank_none,2048,4000,2,105,913000,2.17381,15905995961003478109
maze_scrambled,rank_none,2048,4000,3,105,920800,2.19238,15905995961003478109
maze_scrambled,rank_none,2048,4000,4,105,906400,2.1581,15905995961003478109
maze_scrambled,rank_none,2048,4000,5,105,904800,2.15429,15905995961003478109
maze_scrambled,rank_none,2048,4000,6,105,960400,2.28667,15905995961003478109
maze_scrambled,rank_compress,2048,4000,0,137,1408500,2.57026,15905995961003478109
maze_scrambled,rank_compress,2048,4000,1,137,1289700,2.35347,15905995961003478109
maze_scrambled,rank_compress,2048,4000,2,137,1272800,2.32263,15905995961003478109
maze_scrambled,rank_compress,2048,4000,3,137,1275200,2.32701,15905995961003478109
maze_scrambled,rank_compress,2048,4000,4,137,1273100,2.32318,15905995961003478109
maze_scrambled,rank_compress,2048,4000,5,137,1270600,2.31861,15905995961003478109
maze_scrambled,rank_compress,2048,4000,6,137,1276900,2.33011,15905995961003478109
maze_scrambled,rank_halve,2048,4000,0,186,1552100,2.08616,15905995961003478109
maze_scrambled,rank_halve,2048,4000,1,186,1510400,2.03011,15905995961003478109
maze_scrambled,rank_halve,2048,4000,2,186,1495600,2.01022,15905995961003478109
maze_scrambled,rank_halve,2048,4000,3,186,1493200,2.00699,15905995961003478109
maze_scrambled,rank_halve,2048,4000,4,186,1630000,2.19086,15905995961003478109
maze_scrambled,rank_halve,2048,4000,5,186,1495600,2.01022,15905995961003478109
maze_scrambled,rank_halve,2048,4000,6,186,1500800,2.0172,15905995961003478109
maze_scrambled,size_none,2048,4000,0,66,1685600,6.38485,15905995961003478109
maze_scrambled,size_none,2048,4000,1,66,1359200,5.14848,15905995961003478109
maze_scrambled,size_none,2048,4000,2,66,1358900,5.14735,15905995961003478109
maze_scrambled,size_none,2048,4000,3,66,1458400,5.52424,15905995961003478109
maze_scrambled,size_none,2048,4000,4,66,1390500,5.26705,15905995961003478109
maze_scrambled,size_none,2048,4000,5,66,1399200,5.3,15905995961003478109
maze_scrambled,size_none,2048,4000,6,66,1394100,5.28068,15905995961003478109
maze_scrambled,size_compress,2048,4000,0,156,1242600,1.99135,15905995961003478109
maze_scrambled,size_compress,2048,4000,1,156,1127600,1.80705,15905995961003478109
maze_scrambled,size_compress,2048,4000,2,156,1144800,1.83462,15905995961003478109
maze_scrambled,size_compress,2048,4000,3,156,1168200,1.87212,15905995961003478109
maze_scrambled,size_compress,2048,4000,4,156,1120500,1.79567,15905995961003478109
maze_scrambled,size_compress,2048,4000,5,156,1110300,1.77933,15905995961003478109
maze_scrambled,size_compress,2048,4000,6,156,1126900,1.80593,15905995961003478109
maze_scrambled,size_halve,2048,4000,0,223,1815400,2.0352,15905995961003478109
maze_scrambled,size_halve,2048,4000,1,223,1767700,1.98173,15905995961003478109
maze_scrambled,size_halve,2048,4000,2,223,1797300,2.01491,15905995961003478109
maze_scrambled,size_halve,2048,4000,3,223,1790500,2.00729,15905995961003478109
maze_scrambled,size_halve,2048,4000,4,223,1793200,2.01031,15905995961003478109
maze_scrambled,size_halve,2048,4000,5,223,1802400,2.02063,15905995961003478109
maze_scrambled,size_halve,2048,4000,6,223,1795400,2.01278,15905995961003478109
maze_scrambled,quickfind,4096,8064,0,2,8396100,520.592,674762307814947789
maze_scrambled,quickfind,4096,8064,1,2,8407000,521.267,674762307814947789
maze_scrambled,quickfind,4096,8064,2,2,8233900,510.534,674762307814947789
maze_scrambled,quickfind,4096,8064,3,2,8426900,522.501,674762307814947789
maze_scrambled,quickfind,4096,8064,4,2,8277900,513.263,674762307814947789
maze_scrambled,quickfind,4096,8064,5,2,8474700,525.465,674762307814947789
maze_scrambled,quickfind,4096,8064,6,2,8287600,513.864,674762307814947789
maze_scrambled,naive_none,4096,8064,0,4,5235700,162.317,674762307814947789
maze_scrambled,naive_none,4096,8064,1,4,5189700,160.891,674762307814947789
maze_scrambled,naive_none,4096,8064,2,4,5249000,162.729,674762307814947789
maze_scrambled,naive_none,4096,8064,3,4,5160000,159.97,674762307814947789
maze_scrambled,naive_none,4096,8064,4,4,5170100,160.283,674762307814947789
maze_scrambled,naive_none,4096,8064,5,4,5219700,161.821,674762307814947789
maze_scrambled,naive_none,4096,8064,6,4,5158200,159.914,674762307814947789
maze_scrambled,naive_compress,4096,8064,0,49,3586700,9.07713,674762307814947789
maze_scrambled,naive_compress,4096,8064,1,49,3564000,9.01968,674762307814947789
maze_scrambled,naive_compress,4096,8064,2,49,3576100,9.0503,674762307814947789
maze_scrambled,naive_compress,4096,8064,3,49,3471200,8.78482,674762307814947789
maze_scrambled,naive_compress,4096,8064,4,49,3588200,9.08092,674762307814947789
maze_scrambled,naive_compress,4096,8064,5,49,3469600,8.78077,674762307814947789
maze_scrambled,naive_compress,4096,8064,6,49,3515600,8.89719,674762307814947789
maze_scrambled,naive_halve,4096,8064,0,58,3293000,7.04066,674762307814947789
maze_scrambled,naive_halve,4096,8064,1,58,3016000,6.44841,674762307814947789
maze_scrambled,naive_halve,4096,8064,2,58,3012400,6.44072,674762307814947789
maze_scrambled,naive_halve,4096,8064,3,58,3030000,6.47835,674762307814947789
maze_scrambled,naive_halve,4096,8064,4,58,3001500,6.41741,674762307814947789
maze_scrambled,naive_halve,4096,8064,5,58,3210200,6.86363,674762307814947789
maze_scrambled,naive_halve,4096,8064,6,58,3007200,6.4296,674762307814947789
maze_scrambled,rank_none,4096,8064,0,47,3579200,9.4436,674762307814947789
maze_scrambled,rank_none,4096,8064,1,47,3380000,8.91802,674762307814947789
maze_scrambled,rank_none,4096,8064,2,47,3243700,8.55839,674762307814947789
maze_scrambled,rank_none,4096,8064,3,47,3341100,8.81538,674762307814947789
maze_scrambled,rank_none,4096,8064,4,47,3204500,8.45497,674762307814947789
maze_scrambled,rank_none,4096,8064,5,47,3206700,8.46077,674762307814947789
maze_scrambled,rank_none,4096,8064,6,47,3153000,8.31909,674762307814947789
maze_scrambled,rank_compress,4096,8064,0,63,3129200,6.15945,674762307814947789
maze_scrambled,rank_compress,4096,8064,1,63,3032000,5.96813,674762307814947789
maze_scrambled,rank_compress,4096,8064,2,63,2964800,5.83585,674762307814947789
maze_scrambled,rank_compress,4096,8064,3,63,3086900,6.07619,674762307814947789
maze_scrambled,rank_compress,4096,8064,4,63,3004500,5.914,674762307814947789
maze_scrambled,rank_compress,4096,8064,5,63,2976400,5.85869,674762307814947789
maze_scrambled,rank_compress,4096,8064,6,63,3062800,6.02875,674762307814947789
maze_scrambled,rank_halve,4096,8064,0,55,1300800,2.9329,674762307814947789
maze_scrambled,rank_halve,4096,8064,1,55,902800,2.03553,674762307814947789
maze_scrambled,rank_halve,4096,8064,2,55,900600,2.03057,674762307814947789
maze_scrambled,rank_halve,4096,8064,3,55,910100,2.05199,674762307814947789
maze_scrambled,rank_halve,4096,8064,4,55,888400,2.00307,674762307814947789
maze_scrambled,rank_halve,4096,8064,5,55,893800,2.01524,674762307814947789
maze_scrambled,rank_halve,4096,8064,6,55,907600,2.04636,674762307814947789
maze_scrambled,size_none,4096,8064,0,37,2885600,9.67128,674762307814947789
maze_scrambled,size_none,4096,8064,1,37,2661700,8.92086,674762307814947789
maze_scrambled,size_none,4096,8064,2,37,2678200,8.97616,674762307814947789
maze_scrambled,size_none,4096,8064,3,37,2659300,8.91282,674762307814947789
maze_scrambled,size_none,4096,8064,4,37,2743200,9.19402,674762307814947789
maze_scrambled,size_none,4096,8064,5,37,2699100,9.04621,674762307814947789
maze_scrambled,size_none,4096,8064,6,37,2634100,8.82836,674762307814947789
maze_scrambled,size_compress,4096,8064,0,53,2265300,5.30029,674762307814947789
maze_scrambled,size_compress,4096,8064,1,53,2157500,5.04806,674762307814947789
maze_scrambled,size_compress,4096,8064,2,53,2148100,5.02607,674762307814947789
maze_scrambled,size_compress,4096,8064,3,53,2199500,5.14633,674762307814947789
maze_scrambled,size_compress,4096,8064,4,53,2238900,5.23852,674762307814947789
maze_scrambled,size_compress,4096,8064,5,53,2157500,5.04806,674762307814947789
maze_scrambled,size_compress,4096,8064,6,53,2082700,4.87304,674762307814947789
maze_scrambled,size_halve,4096,8064,0,73,1333200,2.26476,674762307814947789
maze_scrambled,size_halve,4096,8064,1,73,1208700,2.05327,674762307814947789
maze_scrambled,size_halve,4096,8064,2,73,1185600,2.01402,674762307814947789
maze_scrambled,size_halve,4096,8064,3,73,1189400,2.02048,674762307814947789
maze_scrambled,size_halve,4096,8064,4,73,1188100,2.01827,674762307814947789
maze_scrambled,size_halve,4096,8064,5,73,1179700,2.004,674762307814947789
maze_scrambled,size_halve,4096,8064,6,73,1182200,2.00825,674762307814947789
maze_scrambled,quickfind,8192,16192,0,1,16153100,997.598,17877986321577718577
maze_scrambled,quickfind,8192,16192,1,1,16301400,1006.76,17877986321577718577
maze_scrambled,quickfind,8192,16192,2,1,16139800,996.776,17877986321577718577
maze_scrambled,quickfind,8192,16192,3,1,16245600,1003.31,17877986321577718577
maze_scrambled,quickfind,8192,16192,4,1,16122600,995.714,17877986321577718577
maze_scrambled,quickfind,8192,16192,5,1,15981500,987,17877986321577718577
maze_scrambled,quickfind,8192,16192,6,1,16016300,989.149,17877986321577718577
maze_scrambled,naive_none,8192,16192,0,2,9163300,282.958,17877986321577718577
maze_scrambled,naive_none,8192,16192,1,2,9121400,281.664,17877986321577718577
maze_scrambled,naive_none,8192,16192,2,2,9197300,284.008,17877986321577718577
maze_scrambled,naive_none,8192,16192,3,2,9290900,286.898,17877986321577718577
maze_scrambled,naive_none,8192,16192,4,2,9210200,284.406,17877986321577718577
maze_scrambled,naive_none,8192,16192,5,2,9098600,280.96,17877986321577718577
maze_scrambled,naive_none,8192,16192,6,2,9095800,280.873,17877986321577718577
maze_scrambled,naive_compress,8192,16192,0,26,4432900,10.5297,17877986321577718577
maze_scrambled,naive_compress,8192,16192,1,26,4346900,10.3254,17877986321577718577
maze_scrambled,naive_compress,8192,16192,2,26,4427700,10.5173,17877986321577718577
maze_scrambled,naive_compress,8192,16192,3,26,4443400,10.5546,17877986321577718577
maze_scrambled,naive_compress,8192,16192,4,26,4358700,10.3534,17877986321577718577
maze_scrambled,naive_compress,8192,16192,5,26,4404500,10.4622,17877986321577718577
maze_scrambled,naive_compress,8192,16192,6,26,4368900,10.3776,17877986321577718577
maze_scrambled,naive_halve,8192,16192,0,25,4170100,10.3016,17877986321577718577
maze_scrambled,naive_halve,8192,16192,1,25,4088000,10.0988,17877986321577718577
maze_scrambled,naive_halve,8192,16192,2,25,3717900,9.18454,17877986321577718577
maze_scrambled,naive_halve,8192,16192,3,25,3755200,9.27668,17877986321577718577
maze_scrambled,naive_halve,8192,16192,4,25,3612700,8.92465,17877986321577718577
maze_scrambled,naive_halve,8192,16192,5,25,3752800,9.27075,17877986321577718577
maze_scrambled,naive_halve,8192,16192,6,25,3595900,8.88315,17877986321577718577
maze_scrambled,rank_none,8192,16192,0,20,4010100,12.383,17877986321577718577
maze_scrambled,rank_none,8192,16192,1,20,3890700,12.0143,17877986321577718577
maze_scrambled,rank_none,8192,16192,2,20,4083200,12.6087,17877986321577718577
maze_scrambled,rank_none,8192,16192,3,20,3861800,11.925,17877986321577718577
maze_scrambled,rank_none,8192,16192,4,20,3828200,11.8213,17877986321577718577
maze_scrambled,rank_none,8192,16192,5,20,3773700,11.653,17877986321577718577
maze_scrambled,rank_none,8192,16192,6,20,4002100,12.3583,17877986321577718577
maze_scrambled,rank_compress,8192,16192,0,32,4184000,8.07498,17877986321577718577
maze_scrambled,rank_compress,8192,16192,1,32,3895500,7.51818,17877986321577718577
maze_scrambled,rank_compress,8192,16192,2,32,3879200,7.48672,17877986321577718577
maze_scrambled,rank_compress,8192,16192,3,32,3844200,7.41917,17877986321577718577
maze_scrambled,rank_compress,8192,16192,4,32,3804300,7.34217,17877986321577718577
maze_scrambled,rank_compress,8192,16192,5,32,3780000,7.29527,17877986321577718577
maze_scrambled,rank_compress,8192,16192,6,32,3762800,7.26207,17877986321577718577
maze_scrambled,rank_halve,8192,16192,0,40,3506600,5.41409,17877986321577718577
maze_scrambled,rank_halve,8192,16192,1,40,3456100,5.33612,17877986321577718577
maze_scrambled,rank_halve,8192,16192,2,40,3418800,5.27853,17877986321577718577
maze_scrambled,rank_halve,8192,16192,3,40,3396300,5.24379,17877986321577718577
maze_scrambled,rank_halve,8192,16192,4,40,3305700,5.10391,17877986321577718577
maze_scrambled,rank_halve,8192,16192,5,40,3396100,5.24348,17877986321577718577
maze_scrambled,rank_halve,8192,16192,6,40,3354700,5.17956,17877986321577718577
maze_scrambled,size_none,8192,16192,0,23,4025700,10.8097,17877986321577718577
maze_scrambled,size_none,8192,16192,1,23,3893600,10.455,17877986321577718577
maze_scrambled,size_none,8192,16192,2,23,3843100,10.3194,17877986321577718577
maze_scrambled,size_none,8192,16192,3,23,3806000,10.2198,17877986321577718577
maze_scrambled,size_none,8192,16192,4,23,3841900,10.3162,17877986321577718577
maze_scrambled,size_none,8192,16192,5,23,3889300,10.4434,17877986321577718577
maze_scrambled,size_none,8192,16192,6,23,3837000,10.303,17877986321577718577
maze_scrambled,size_compress,8192,16192,0,33,3662200,6.85374,17877986321577718577
maze_scrambled,size_compress,8192,16192,1,33,3535800,6.61718,17877986321577718577
maze_scrambled,size_compress,8192,16192,2,33,3533000,6.61194,17877986321577718577
maze_scrambled,size_compress,8192,16192,3,33,3520500,6.58855,17877986321577718577
maze_scrambled,size_compress,8192,16192,4,33,3535300,6.61625,17877986321577718577
maze_scrambled,size_compress,8192,16192,5,33,3404300,6.37108,17877986321577718577
maze_scrambled,size_compress,8192,16192,6,33,3534000,6.61382,17877986321577718577
maze_scrambled,size_halve,8192,16192,0,44,3089900,4.33702,17877986321577718577
maze_scrambled,size_halve,8192,16192,1,44,2788400,3.91383,17877986321577718577
maze_scrambled,size_halve,8192,16192,2,44,2789500,3.91537,17877986321577718577
maze_scrambled,size_halve,8192,16192,3,44,2795100,3.92323,17877986321577718577
maze_scrambled,size_halve,8192,16192,4,44,2830900,3.97348,17877986321577718577
maze_scrambled,size_halve,8192,16192,5,44,2811300,3.94597,17877986321577718577
maze_scrambled,size_halve,8192,16192,6,44,2849900,4.00015,17877986321577718577
maze_scrambled,quickfind,16384,32512,0,1,65173200,2004.59,2238789490913945179
maze_scrambled,quickfind,16384,32512,1,1,65725200,2021.57,2238789490913945179
maze_scrambled,quickfind,16384,32512,2,1,64981800,1998.7,2238789490913945179
maze_scrambled,quickfind,16384,32512,3,1,65270800,2007.59,2238789490913945179
maze_scrambled,quickfind,16384,32512,4,1,65527800,2015.5,2238789490913945179
maze_scrambled,quickfind,16384,32512,5,1,64565800,1985.91,2238789490913945179
maze_scrambled,quickfind,16384,32512,6,1,65724300,2021.54,2238789490913945179
maze_scrambled,naive_none,16384,32512,0,1,18610400,572.416,2238789490913945179
maze_scrambled,naive_none,16384,32512,1,1,18554900,570.709,2238789490913945179
maze_scrambled,naive_none,16384,32512,2,1,18578500,571.435,2238789490913945179
maze_scrambled,naive_none,16384,32512,3,1,18632200,573.087,2238789490913945179
maze_scrambled,naive_none,16384,32512,4,1,18607800,572.336,2238789490913945179
maze_scrambled,naive_none,16384,32512,5,1,18616900,572.616,2238789490913945179
maze_scrambled,naive_none,16384,32512,6,1,18682400,574.631,2238789490913945179
maze_scrambled,naive_compress,16384,32512,0,12,4646100,11.9087,2238789490913945179
maze_scrambled,naive_compress,16384,32512,1,12,4592000,11.77,2238789490913945179
maze_scrambled,naive_compress,16384,32512,2,12,4512500,11.5662,2238789490913945179
maze_scrambled,naive_compress,16384,32512,3,12,4485900,11.4981,2238789490913945179
maze_scrambled,naive_compress,16384,32512,4,12,4527700,11.6052,2238789490913945179
maze_scrambled,naive_compress,16384,32512,5,12,4527700,11.6052,2238789490913945179
maze_scrambled,naive_compress,16384,32512,6,12,4625700,11.8564,2238789490913945179
maze_scrambled,naive_halve,16384,32512,0,12,4370600,11.2025,2238789490913945179
maze_scrambled,naive_halve,16384,32512,1,12,4207100,10.7835,2238789490913945179
maze_scrambled,naive_halve,16384,32512,2,12,4325400,11.0867,2238789490913945179
maze_scrambled,naive_halve,16384,32512,3,12,4432100,11.3602,2238789490913945179
maze_scrambled,naive_halve,16384,32512,4,12,4312400,11.0534,2238789490913945179
maze_scrambled,naive_halve,16384,32512,5,12,4263700,10.9285,2238789490913945179
maze_scrambled,naive_halve,16384,32512,6,12,4377700,11.2207,2238789490913945179
maze_scrambled,rank_none,16384,32512,0,11,4968400,13.8925,2238789490913945179
maze_scrambled,rank_none,16384,32512,1,11,4788900,13.3906,2238789490913945179
maze_scrambled,rank_none,16384,32512,2,11,4715600,13.1856,2238789490913945179
maze_scrambled,rank_none,16384,32512,3,11,4584700,12.8196,2238789490913945179
maze_scrambled,rank_none,16384,32512,4,11,4672700,13.0657,2238789490913945179
maze_scrambled,rank_none,16384,32512,5,11,4733500,13.2357,2238789490913945179
maze_scrambled,rank_none,16384,32512,6,11,4741200,13.2572,2238789490913945179
maze_scrambled,rank_compress,16384,32512,0,14,3959800,8.69964,2238789490913945179
maze_scrambled,rank_compress,16384,32512,1,14,3937700,8.65109,2238789490913945179
maze_scrambled,rank_compress,16384,32512,2,14,4061900,8.92396,2238789490913945179
maze_scrambled,rank_compress,16384,32512,3,14,3967800,8.71722,2238789490913945179
maze_scrambled,rank_compress,16384,32512,4,14,3958500,8.69679,2238789490913945179
maze_scrambled,rank_compress,16384,32512,5,14,3998200,8.78401,2238789490913945179
maze_scrambled,rank_compress,16384,32512,6,14,4175600,9.17376,2238789490913945179
maze_scrambled,rank_halve,16384,32512,0,21,4709400,6.89767,2238789490913945179
maze_scrambled,rank_halve,16384,32512,1,21,4512700,6.60957,2238789490913945179
maze_scrambled,rank_halve,16384,32512,2,21,4565800,6.68735,2238789490913945179
maze_scrambled,rank_halve,16384,32512,3,21,4410100,6.4593,2238789490913945179
maze_scrambled,rank_halve,16384,32512,4,21,4381700,6.4177,2238789490913945179
maze_scrambled,rank_halve,16384,32512,5,21,4488800,6.57457,2238789490913945179
maze_scrambled,rank_halve,16384,32512,6,21,4444700,6.50998,2238789490913945179
maze_scrambled,size_none,16384,32512,0,11,4345200,12.1499,2238789490913945179
maze_scrambled,size_none,16384,32512,1,11,4141300,11.5798,2238789490913945179
maze_scrambled,size_none,16384,32512,2,11,4199700,11.7431,2238789490913945179
maze_scrambled,size_none,16384,32512,3,11,4193500,11.7257,2238789490913945179
maze_scrambled,size_none,16384,32512,4,11,4228900,11.8247,2238789490913945179
maze_scrambled,size_none,16384,32512,5,11,4280200,11.9682,2238789490913945179
maze_scrambled,size_none,16384,32512,6,11,4268200,11.9346,2238789490913945179
maze_scrambled,size_compress,16384,32512,0,18,4707600,8.04421,2238789490913945179
maze_scrambled,size_compress,16384,32512,1,18,4583600,7.83232,2238789490913945179
maze_scrambled,size_compress,16384,32512,2,18,4495200,7.68127,2238789490913945179
maze_scrambled,size_compress,16384,32512,3,18,4438000,7.58352,2238789490913945179
maze_scrambled,size_compress,16384,32512,4,18,4531200,7.74278,2238789490913945179
maze_scrambled,size_compress,16384,32512,5,18,4648300,7.94288,2238789490913945179
maze_scrambled,size_compress,16384,32512,6,18,4474300,7.64555,2238789490913945179
maze_scrambled,size_halve,16384,32512,0,21,3822100,5.59808,2238789490913945179
maze_scrambled,size_halve,16384,32512,1,21,3686300,5.39918,2238789490913945179
maze_scrambled,size_halve,16384,32512,2,21,3761200,5.50888,2238789490913945179
maze_scrambled,size_halve,16384,32512,3,21,3773600,5.52704,2238789490913945179
maze_scrambled,size_halve,16384,32512,4,21,3684700,5.39684,2238789490913945179
maze_scrambled,size_halve,16384,32512,5,21,3735600,5.47139,2238789490913945179
maze_scrambled,size_halve,16384,32512,6,21,3787100,5.54682,2238789490913945179
maze_scrambled,quickfind,32768,65152,0,1,250860100,3850.38,10794817591719863655
maze_scrambled,quickfind,32768,65152,1,1,251513400,3860.41,10794817591719863655
maze_scrambled,quickfind,32768,65152,2,1,252405200,3874.1,10794817591719863655
maze_scrambled,quickfind,32768,65152,3,1,251827100,3865.22,10794817591719863655
maze_scrambled,quickfind,32768,65152,4,1,252001500,3867.9,10794817591719863655
maze_scrambled,quickfind,32768,65152,5,1,252173500,3870.54,10794817591719863655
maze_scrambled,quickfind,32768,65152,6,1,253003500,3883.28,10794817591719863655
maze_scrambled,naive_none,32768,65152,0,1,122767600,1884.33,10794817591719863655
maze_scrambled,naive_none,32768,65152,1,1,122740200,1883.91,10794817591719863655
maze_scrambled,naive_none,32768,65152,2,1,122533300,1880.73,10794817591719863655
maze_scrambled,naive_none,32768,65152,3,1,122525800,1880.61,10794817591719863655
maze_scrambled,naive_none,32768,65152,4,1,122381800,1878.4,10794817591719863655
maze_scrambled,naive_none,32768,65152,5,1,122715500,1883.53,10794817591719863655
maze_scrambled,naive_none,32768,65152,6,1,122516100,1880.47,10794817591719863655
maze_scrambled,naive_compress,32768,65152,0,6,5050800,12.9206,10794817591719863655
maze_scrambled,naive_compress,32768,65152,1,6,4955200,12.676,10794817591719863655
maze_scrambled,naive_compress,32768,65152,2,6,5023600,12.851,10794817591719863655
maze_scrambled,naive_compress,32768,65152,3,6,5121200,13.1006,10794817591719863655
maze_scrambled,naive_compress,32768,65152,4,6,4976300,12.73,10794817591719863655
maze_scrambled,naive_compress,32768,65152,5,6,4973800,12.7236,10794817591719863655
maze_scrambled,naive_compress,32768,65152,6,6,5083900,13.0052,10794817591719863655
maze_scrambled,naive_halve,32768,65152,0,6,4654400,11.9065,10794817591719863655
maze_scrambled,naive_halve,32768,65152,1,6,4643900,11.8797,10794817591719863655
maze_scrambled,naive_halve,32768,65152,2,6,4681500,11.9758,10794817591719863655
maze_scrambled,naive_halve,32768,65152,3,6,4653200,11.9034,10794817591719863655
maze_scrambled,naive_halve,32768,65152,4,6,4647400,11.8886,10794817591719863655
maze_scrambled,naive_halve,32768,65152,5,6,4737400,12.1188,10794817591719863655
maze_scrambled,naive_halve,32768,65152,6,6,4775900,12.2173,10794817591719863655
maze_scrambled,rank_none,32768,65152,0,5,4630800,14.2154,10794817591719863655
maze_scrambled,rank_none,32768,65152,1,5,4922500,15.1108,10794817591719863655
maze_scrambled,rank_none,32768,65152,2,5,4673300,14.3458,10794817591719863655
maze_scrambled,rank_none,32768,65152,3,5,4579300,14.0573,10794817591719863655
maze_scrambled,rank_none,32768,65152,4,5,4634200,14.2258,10794817591719863655
maze_scrambled,rank_none,32768,65152,5,5,5182500,15.909,10794817591719863655
maze_scrambled,rank_none,32768,65152,6,5,4577300,14.0511,10794817591719863655
maze_scrambled,rank_compress,32768,65152,0,8,4940200,9.47822,10794817591719863655
maze_scrambled,rank_compress,32768,65152,1,8,4790800,9.19158,10794817591719863655
maze_scrambled,rank_compress,32768,65152,2,8,4767400,9.14669,10794817591719863655
maze_scrambled,rank_compress,32768,65152,3,8,4740400,9.09489,10794817591719863655
maze_scrambled,rank_compress,32768,65152,4,8,4803200,9.21537,10794817591719863655
maze_scrambled,rank_compress,32768,65152,5,8,4727600,9.07033,10794817591719863655
maze_scrambled,rank_compress,32768,65152,6,8,4785200,9.18084,10794817591719863655
maze_scrambled,rank_halve,32768,65152,0,10,4845500,7.43722,10794817591719863655
maze_scrambled,rank_halve,32768,65152,1,10,4687300,7.19441,10794817591719863655
maze_scrambled,rank_halve,32768,65152,2,10,4693100,7.20331,10794817591719863655
maze_scrambled,rank_halve,32768,65152,3,10,4858700,7.45748,10794817591719863655
maze_scrambled,rank_halve,32768,65152,4,10,4773500,7.32671,10794817591719863655
maze_scrambled,rank_halve,32768,65152,5,10,4744900,7.28282,10794817591719863655
maze_scrambled,rank_halve,32768,65152,6,10,4859500,7.45871,10794817591719863655
maze_scrambled,size_none,32768,65152,0,5,4185300,12.8478,10794817591719863655
maze_scrambled,size_none,32768,65152,1,5,4230600,12.9869,10794817591719863655
maze_scrambled,size_none,32768,65152,2,5,4198900,12.8896,10794817591719863655
maze_scrambled,size_none,32768,65152,3,5,4286800,13.1594,10794817591719863655
maze_scrambled,size_none,32768,65152,4,5,4196700,12.8828,10794817591719863655
maze_scrambled,size_none,32768,65152,5,5,4186600,12.8518,10794817591719863655
maze_scrambled,size_none,32768,65152,6,5,4210600,12.9255,10794817591719863655
maze_scrambled,size_compress,32768,65152,0,9,4843000,8.25932,10794817591719863655
maze_scrambled,size_compress,32768,65152,1,9,4787600,8.16484,10794817591719863655
maze_scrambled,size_compress,32768,65152,2,9,4849700,8.27074,10794817591719863655
maze_scrambled,size_compress,32768,65152,3,9,4929900,8.40752,10794817591719863655
maze_scrambled,size_compress,32768,65152,4,9,5040100,8.59546,10794817591719863655
maze_scrambled,size_compress,32768,65152,5,9,4835900,8.24721,10794817591719863655
maze_scrambled,size_compress,32768,65152,6,9,4886500,8.3335,10794817591719863655
maze_scrambled,size_halve,32768,65152,0,11,4519300,6.30595,10794817591719863655
maze_scrambled,size_halve,32768,65152,1,11,4477000,6.24693,10794817591719863655
maze_scrambled,size_halve,32768,65152,2,11,4379000,6.11019,10794817591719863655
maze_scrambled,size_halve,32768,65152,3,11,4515800,6.30107,10794817591719863655
maze_scrambled,size_halve,32768,65152,4,11,4428200,6.17884,10794817591719863655
maze_scrambled,size_halve,32768,65152,5,11,4453300,6.21386,10794817591719863655
maze_scrambled,size_halve,32768,65152,6,11,4443600,6.20033,10794817591719863655
maze_scrambled,quickfind,65536,130560,0,1,995413300,7624.18,13501720953657113853
maze_scrambled,quickfind,65536,130560,1,1,1001749100,7672.71,13501720953657113853
maze_scrambled,quickfind,65536,130560,2,1,1001906200,7673.91,13501720953657113853
maze_scrambled,quickfind,65536,130560,3,1,1007020700,7713.09,13501720953657113853
maze_scrambled,quickfind,65536,130560,4,1,1000502300,7663.16,13501720953657113853
maze_scrambled,quickfind,65536,130560,5,1,1000656900,7664.35,13501720953657113853
maze_scrambled,quickfind,65536,130560,6,1,1002867600,7681.28,13501720953657113853
maze_scrambled,naive_none,65536,130560,0,1,685653800,5251.64,13501720953657113853
maze_scrambled,naive_none,65536,130560,1,1,683836900,5237.72,13501720953657113853
maze_scrambled,naive_none,65536,130560,2,1,684606800,5243.62,13501720953657113853
maze_scrambled,naive_none,65536,130560,3,1,687805400,5268.12,13501720953657113853
maze_scrambled,naive_none,65536,130560,4,1,683349200,5233.99,13501720953657113853
maze_scrambled,naive_none,65536,130560,5,1,684585600,5243.46,13501720953657113853
maze_scrambled,naive_none,65536,130560,6,1,685418800,5249.84,13501720953657113853
maze_scrambled,naive_compress,65536,130560,0,3,5237000,13.3706,13501720953657113853
maze_scrambled,naive_compress,65536,130560,1,3,5297300,13.5246,13501720953657113853
maze_scrambled,naive_compress,65536,130560,2,3,5304800,13.5437,13501720953657113853
maze_scrambled,naive_compress,65536,130560,3,3,5287100,13.4985,13501720953657113853
maze_scrambled,naive_compress,65536,130560,4,3,5327200,13.6009,13501720953657113853
maze_scrambled,naive_compress,65536,130560,5,3,5264000,13.4395,13501720953657113853
maze_scrambled,naive_compress,65536,130560,6,3,5290200,13.5064,13501720953657113853
maze_scrambled,naive_halve,65536,130560,0,3,4942200,12.618,13501720953657113853
maze_scrambled,naive_halve,65536,130560,1,3,5108500,13.0425,13501720953657113853
maze_scrambled,naive_halve,65536,130560,2,3,4956200,12.6537,13501720953657113853
maze_scrambled,naive_halve,65536,130560,3,3,5053500,12.9021,13501720953657113853
maze_scrambled,naive_halve,65536,130560,4,3,5003400,12.7742,13501720953657113853
maze_scrambled,naive_halve,65536,130560,5,3,4955300,12.6514,13501720953657113853
maze_scrambled,naive_halve,65536,130560,6,3,5086000,12.9851,13501720953657113853
maze_scrambled,rank_none,65536,130560,0,3,5770500,14.7327,13501720953657113853
maze_scrambled,rank_none,65536,130560,1,3,5936300,15.156,13501720953657113853
maze_scrambled,rank_none,65536,130560,2,3,5776900,14.749,13501720953657113853
maze_scrambled,rank_none,65536,130560,3,3,6098200,15.5693,13501720953657113853
maze_scrambled,rank_none,65536,130560,4,3,6634300,16.9381,13501720953657113853
maze_scrambled,rank_none,65536,130560,5,3,6290600,16.0606,13501720953657113853
maze_scrambled,rank_none,65536,130560,6,3,6192900,15.8111,13501720953657113853
maze_scrambled,rank_compress,65536,130560,0,4,5656800,10.8318,13501720953657113853
maze_scrambled,rank_compress,65536,130560,1,4,5219500,9.99445,13501720953657113853
maze_scrambled,rank_compress,65536,130560,2,4,5131700,9.82633,13501720953657113853
maze_scrambled,rank_compress,65536,130560,3,4,5118900,9.80182,13501720953657113853
maze_scrambled,rank_compress,65536,130560,4,4,5391500,10.3238,13501720953657113853
maze_scrambled,rank_compress,65536,130560,5,4,5310800,10.1693,13501720953657113853
maze_scrambled,rank_compress,65536,130560,6,4,5135600,9.83379,13501720953657113853
maze_scrambled,rank_halve,65536,130560,0,5,5022600,7.69393,13501720953657113853
maze_scrambled,rank_halve,65536,130560,1,5,4975800,7.62224,13501720953657113853
maze_scrambled,rank_halve,65536,130560,2,5,4993800,7.64982,13501720953657113853
maze_scrambled,rank_halve,65536,130560,3,5,5039100,7.71921,13501720953657113853
maze_scrambled,rank_halve,65536,130560,4,5,4965900,7.60708,13501720953657113853
maze_scrambled,rank_halve,65536,130560,5,5,4969900,7.6132,13501720953657113853
maze_scrambled,rank_halve,65536,130560,6,5,5284000,8.09436,13501720953657113853
maze_scrambled,size_none,65536,130560,0,3,5243100,13.3862,13501720953657113853
maze_scrambled,size_none,65536,130560,1,3,5464600,13.9517,13501720953657113853
maze_scrambled,size_none,65536,130560,2,3,5431800,13.868,13501720953657113853
maze_scrambled,size_none,65536,130560,3,3,5286000,13.4957,13501720953657113853
maze_scrambled,size_none,65536,130560,4,3,5422500,13.8442,13501720953657113853
maze_scrambled,size_none,65536,130560,5,3,5237200,13.3711,13501720953657113853
maze_scrambled,size_none,65536,130560,6,3,5302700,13.5383,13501720953657113853
maze_scrambled,size_compress,65536,130560,0,5,5656300,8.66468,13501720953657113853
maze_scrambled,size_compress,65536,130560,1,5,5594800,8.57047,13501720953657113853
maze_scrambled,size_compress,65536,130560,2,5,5678400,8.69853,13501720953657113853
maze_scrambled,size_compress,65536,130560,3,5,5617900,8.60585,13501720953657113853
maze_scrambled,size_compress,65536,130560,4,5,5588600,8.56097,13501720953657113853
maze_scrambled,size_compress,65536,130560,5,5,5610800,8.59498,13501720953657113853
maze_scrambled,size_compress,65536,130560,6,5,5639000,8.63817,13501720953657113853
maze_scrambled,size_halve,65536,130560,0,6,5221500,6.66552,13501720953657113853
maze_scrambled,size_halve,65536,130560,1,6,5166200,6.59492,13501720953657113853
maze_scrambled,size_halve,65536,130560,2,6,5119600,6.53544,13501720953657113853
maze_scrambled,size_halve,65536,130560,3,6,5271500,6.72935,13501720953657113853
maze_scrambled,size_halve,65536,130560,4,6,5398200,6.89108,13501720953657113853
maze_scrambled,size_halve,65536,130560,5,6,5097200,6.50684,13501720953657113853
maze_scrambled,size_halve,65536,130560,6,6,5258400,6.71262,13501720953657113853
maze_scrambled,quickfind,131072,261376,0,1,3971348200,15194,8092194056481076247
maze_scrambled,quickfind,131072,261376,1,1,3990076100,15265.7,8092194056481076247
maze_scrambled,quickfind,131072,261376,2,1,3975784400,15211,8092194056481076247
maze_scrambled,quickfind,131072,261376,3,1,3986455200,15251.8,8092194056481076247
maze_scrambled,quickfind,131072,261376,4,1,4003614800,15317.5,8092194056481076247
maze_scrambled,quickfind,131072,261376,5,1,3971438000,15194.3,8092194056481076247
maze_scrambled,quickfind,131072,261376,6,1,3973540000,15202.4,8092194056481076247
maze_scrambled,naive_none,131072,261376,0,1,3467979700,13268.2,8092194056481076247
maze_scrambled,naive_none,131072,261376,1,1,3515036300,13448.2,8092194056481076247
maze_scrambled,naive_none,131072,261376,2,1,3467853700,13267.7,8092194056481076247
maze_scrambled,naive_none,131072,261376,3,1,3466218500,13261.4,8092194056481076247
maze_scrambled,naive_none,131072,261376,4,1,3471851800,13283,8092194056481076247
maze_scrambled,naive_none,131072,261376,5,1,3475713500,13297.8,8092194056481076247
maze_scrambled,naive_none,131072,261376,6,1,3515964900,13451.8,8092194056481076247
maze_scrambled,naive_compress,131072,261376,0,2,9483900,18.1423,8092194056481076247
maze_scrambled,naive_compress,131072,261376,1,2,9421800,18.0235,8092194056481076247
maze_scrambled,naive_compress,131072,261376,2,2,9329900,17.8477,8092194056481076247
maze_scrambled,naive_compress,131072,261376,3,2,8638300,16.5247,8092194056481076247
maze_scrambled,naive_compress,131072,261376,4,2,7972100,15.2503,8092194056481076247
maze_scrambled,naive_compress,131072,261376,5,2,7662000,14.657,8092194056481076247
maze_scrambled,naive_compress,131072,261376,6,2,7615600,14.5683,8092194056481076247
maze_scrambled,naive_halve,131072,261376,0,2,7397800,14.1516,8092194056481076247
maze_scrambled,naive_halve,131072,261376,1,2,7421300,14.1966,8092194056481076247
maze_scrambled,naive_halve,131072,261376,2,2,7351500,14.0631,8092194056481076247
maze_scrambled,naive_halve,131072,261376,3,2,7456200,14.2634,8092194056481076247
maze_scrambled,naive_halve,131072,261376,4,2,7305400,13.9749,8092194056481076247
maze_scrambled,naive_halve,131072,261376,5,2,7369100,14.0967,8092194056481076247
maze_scrambled,naive_halve,131072,261376,6,2,7290400,13.9462,8092194056481076247
maze_scrambled,rank_none,131072,261376,0,2,9008300,17.2325,8092194056481076247
maze_scrambled,rank_none,131072,261376,1,2,8873300,16.9742,8092194056481076247
maze_scrambled,rank_none,131072,261376,2,2,9205700,17.6101,8092194056481076247
maze_scrambled,rank_none,131072,261376,3,2,9428500,18.0363,8092194056481076247
maze_scrambled,rank_none,131072,261376,4,2,9163600,17.5295,8092194056481076247
maze_scrambled,rank_none,131072,261376,5,2,9061500,17.3342,8092194056481076247
maze_scrambled,rank_none,131072,261376,6,2,9116700,17.4398,8092194056481076247
maze_scrambled,rank_compress,131072,261376,0,2,5678600,10.8629,8092194056481076247
maze_scrambled,rank_compress,131072,261376,1,2,5614500,10.7403,8092194056481076247
maze_scrambled,rank_compress,131072,261376,2,2,5666200,10.8392,8092194056481076247
maze_scrambled,rank_compress,131072,261376,3,2,5648300,10.8049,8092194056481076247
maze_scrambled,rank_compress,131072,261376,4,2,5537500,10.593,8092194056481076247
maze_scrambled,rank_compress,131072,261376,5,2,5542500,10.6025,8092194056481076247
maze_scrambled,rank_compress,131072,261376,6,2,7006900,13.4039,8092194056481076247
maze_scrambled,rank_halve,131072,261376,0,2,5154400,9.86012,8092194056481076247
maze_scrambled,rank_halve,131072,261376,1,2,4546900,8.69801,8092194056481076247
maze_scrambled,rank_halve,131072,261376,2,2,4621600,8.8409,8092194056481076247
maze_scrambled,rank_halve,131072,261376,3,2,4610800,8.82024,8092194056481076247
maze_scrambled,rank_halve,131072,261376,4,2,4557100,8.71752,8092194056481076247
maze_scrambled,rank_halve,131072,261376,5,2,4564100,8.73091,8092194056481076247
maze_scrambled,rank_halve,131072,261376,6,2,4505900,8.61957,8092194056481076247
maze_scrambled,size_none,131072,261376,0,2,8026700,15.3547,8092194056481076247
maze_scrambled,size_none,131072,261376,1,2,7999200,15.3021,8092194056481076247
maze_scrambled,size_none,131072,261376,2,2,7975300,15.2564,8092194056481076247
maze_scrambled,size_none,131072,261376,3,2,8047700,15.3949,8092194056481076247
maze_scrambled,size_none,131072,261376,4,2,8033400,15.3675,8092194056481076247
maze_scrambled,size_none,131072,261376,5,2,8068000,15.4337,8092194056481076247
maze_scrambled,size_none,131072,261376,6,2,7983800,15.2726,8092194056481076247
maze_scrambled,size_compress,131072,261376,0,3,7263400,9.26303,8092194056481076247
maze_scrambled,size_compress,131072,261376,1,3,7329500,9.34733,8092194056481076247
maze_scrambled,size_compress,131072,261376,2,3,7352600,9.37679,8092194056481076247
maze_scrambled,size_compress,131072,261376,3,3,7414400,9.4556,8092194056481076247
maze_scrambled,size_compress,131072,261376,4,3,7303900,9.31468,8092194056481076247
maze_scrambled,size_compress,131072,261376,5,3,7381900,9.41415,8092194056481076247
maze_scrambled,size_compress,131072,261376,6,3,7268900,9.27004,8092194056481076247
maze_scrambled,size_halve,131072,261376,0,3,5735100,7.31398,8092194056481076247
maze_scrambled,size_halve,131072,261376,1,3,5718800,7.2932,8092194056481076247
maze_scrambled,size_halve,131072,261376,2,3,5726900,7.30353,8092194056481076247
maze_scrambled,size_halve,131072,261376,3,3,5674400,7.23657,8092194056481076247
maze_scrambled,size_halve,131072,261376,4,3,5752300,7.33592,8092194056481076247
maze_scrambled,size_halve,131072,261376,5,3,5734200,7.31284,8092194056481076247
maze_scrambled,size_halve,131072,261376,6,3,5680400,7.24423,8092194056481076247
maze_scrambled,naive_compress,262144,523264,0,1,8524500,16.291,18035501091928603585
maze_scrambled,naive_compress,262144,523264,1,1,8522600,16.2874,18035501091928603585
maze_scrambled,naive_compress,262144,523264,2,1,8383400,16.0214,18035501091928603585
maze_scrambled,naive_compress,262144,523264,3,1,8557800,16.3547,18035501091928603585
maze_scrambled,naive_compress,262144,523264,4,1,8896700,17.0023,18035501091928603585
maze_scrambled,naive_compress,262144,523264,5,1,8492700,16.2302,18035501091928603585
maze_scrambled,naive_compress,262144,523264,6,1,8615600,16.4651,18035501091928603585
maze_scrambled,naive_halve,262144,523264,0,1,8471900,16.1905,18035501091928603585
maze_scrambled,naive_halve,262144,523264,1,1,8353600,15.9644,18035501091928603585
maze_scrambled,naive_halve,262144,523264,2,1,8374200,16.0038,18035501091928603585
maze_scrambled,naive_halve,262144,523264,3,1,8708900,16.6434,18035501091928603585
maze_scrambled,naive_halve,262144,523264,4,1,8688700,16.6048,18035501091928603585
maze_scrambled,naive_halve,262144,523264,5,1,8550200,16.3401,18035501091928603585
maze_scrambled,naive_halve,262144,523264,6,1,8415500,16.0827,18035501091928603585
maze_scrambled,rank_none,262144,523264,0,1,9738800,18.6116,18035501091928603585
maze_scrambled,rank_none,262144,523264,1,1,9704600,18.5463,18035501091928603585
maze_scrambled,rank_none,262144,523264,2,1,9877200,18.8761,18035501091928603585
maze_scrambled,rank_none,262144,523264,3,1,9847100,18.8186,18035501091928603585
maze_scrambled,rank_none,262144,523264,4,1,9897700,18.9153,18035501091928603585
maze_scrambled,rank_none,262144,523264,5,1,10051500,19.2092,18035501091928603585
maze_scrambled,rank_none,262144,523264,6,1,9926200,18.9698,18035501091928603585
maze_scrambled,rank_compress,262144,523264,0,1,6538300,12.4952,18035501091928603585
maze_scrambled,rank_compress,262144,523264,1,1,6440800,12.3089,18035501091928603585
maze_scrambled,rank_compress,262144,523264,2,1,6171300,11.7939,18035501091928603585
maze_scrambled,rank_compress,262144,523264,3,1,6230900,11.9078,18035501091928603585
maze_scrambled,rank_compress,262144,523264,4,1,6511500,12.444,18035501091928603585
maze_scrambled,rank_compress,262144,523264,5,1,6342600,12.1212,18035501091928603585
maze_scrambled,rank_compress,262144,523264,6,1,6126500,11.7082,18035501091928603585
maze_scrambled,rank_halve,262144,523264,0,1,5134400,9.81226,18035501091928603585
maze_scrambled,rank_halve,262144,523264,1,1,5248800,10.0309,18035501091928603585
maze_scrambled,rank_halve,262144,523264,2,1,5106700,9.75932,18035501091928603585
maze_scrambled,rank_halve,262144,523264,3,1,5002600,9.56037,18035501091928603585
maze_scrambled,rank_halve,262144,523264,4,1,6489400,12.4018,18035501091928603585
maze_scrambled,rank_halve,262144,523264,5,1,6945300,13.273,18035501091928603585
maze_scrambled,rank_halve,262144,523264,6,1,5743800,10.9769,18035501091928603585
maze_scrambled,size_none,262144,523264,0,1,8989400,17.1795,18035501091928603585
maze_scrambled,size_none,262144,523264,1,1,8651300,16.5333,18035501091928603585
maze_scrambled,size_none,262144,523264,2,1,8723300,16.6709,18035501091928603585
maze_scrambled,size_none,262144,523264,3,1,8763100,16.747,18035501091928603585
maze_scrambled,size_none,262144,523264,4,1,8761600,16.7441,18035501091928603585
maze_scrambled,size_none,262144,523264,5,1,8788700,16.7959,18035501091928603585
maze_scrambled,size_none,262144,523264,6,1,8732700,16.6889,18035501091928603585
maze_scrambled,size_compress,262144,523264,0,1,5449800,10.415,18035501091928603585
maze_scrambled,size_compress,262144,523264,1,1,5533200,10.5744,18035501091928603585
maze_scrambled,size_compress,262144,523264,2,1,5734800,10.9597,18035501091928603585
maze_scrambled,size_compress,262144,523264,3,1,5685500,10.8655,18035501091928603585
maze_scrambled,size_compress,262144,523264,4,1,5477700,10.4683,18035501091928603585
maze_scrambled,size_compress,262144,523264,5,1,5681000,10.8569,18035501091928603585
maze_scrambled,size_compress,262144,523264,6,1,5650100,10.7978,18035501091928603585
maze_scrambled,size_halve,262144,523264,0,2,8775100,8.38496,18035501091928603585
maze_scrambled,size_halve,262144,523264,1,2,8857700,8.46389,18035501091928603585
maze_scrambled,size_halve,262144,523264,2,2,8584500,8.20284,18035501091928603585
maze_scrambled,size_halve,262144,523264,3,2,8757000,8.36767,18035501091928603585
maze_scrambled,size_halve,262144,523264,4,2,8728300,8.34025,18035501091928603585
maze_scrambled,size_halve,262144,523264,5,2,8915300,8.51893,18035501091928603585
maze_scrambled,size_halve,262144,523264,6,2,8948200,8.55037,18035501091928603585
maze_scrambled,naive_compress,524288,1047040,0,1,19898900,19.0049,2235406340681356245
maze_scrambled,naive_compress,524288,1047040,1,1,20113700,19.2101,2235406340681356245
maze_scrambled,naive_compress,524288,1047040,2,1,20241100,19.3317,2235406340681356245
maze_scrambled,naive_compress,524288,1047040,3,1,19973300,19.076,2235406340681356245
maze_scrambled,naive_compress,524288,1047040,4,1,19843700,18.9522,2235406340681356245
maze_scrambled,naive_compress,524288,1047040,5,1,20029800,19.1299,2235406340681356245
maze_scrambled,naive_compress,524288,1047040,6,1,20277700,19.3667,2235406340681356245
maze_scrambled,naive_halve,524288,1047040,0,1,19844300,18.9528,2235406340681356245
maze_scrambled,naive_halve,524288,1047040,1,1,19981100,19.0834,2235406340681356245
maze_scrambled,naive_halve,524288,1047040,2,1,20031800,19.1318,2235406340681356245
maze_scrambled,naive_halve,524288,1047040,3,1,19557900,18.6792,2235406340681356245
maze_scrambled,naive_halve,524288,1047040,4,1,19907500,19.0131,2235406340681356245
maze_scrambled,naive_halve,524288,1047040,5,1,19790100,18.901,2235406340681356245
maze_scrambled,naive_halve,524288,1047040,6,1,19924500,19.0294,2235406340681356245
maze_scrambled,rank_none,524288,1047040,0,1,22039100,21.049,2235406340681356245
maze_scrambled,rank_none,524288,1047040,1,1,22039300,21.0491,2235406340681356245
maze_scrambled,rank_none,524288,1047040,2,1,23234700,22.1908,2235406340681356245
maze_scrambled,rank_none,524288,1047040,3,1,22134300,21.1399,2235406340681356245
maze_scrambled,rank_none,524288,1047040,4,1,21975400,20.9881,2235406340681356245
maze_scrambled,rank_none,524288,1047040,5,1,22381800,21.3763,2235406340681356245
maze_scrambled,rank_none,524288,1047040,6,1,22429000,21.4213,2235406340681356245
maze_scrambled,rank_compress,524288,1047040,0,1,14062600,13.4308,2235406340681356245
maze_scrambled,rank_compress,524288,1047040,1,1,13841800,13.2199,2235406340681356245
maze_scrambled,rank_compress,524288,1047040,2,1,14126900,13.4922,2235406340681356245
maze_scrambled,rank_compress,524288,1047040,3,1,14585700,13.9304,2235406340681356245
maze_scrambled,rank_compress,524288,1047040,4,1,14287300,13.6454,2235406340681356245
maze_scrambled,rank_compress,524288,1047040,5,1,13996500,13.3677,2235406340681356245
maze_scrambled,rank_compress,524288,1047040,6,1,13797400,13.1775,2235406340681356245
maze_scrambled,rank_halve,524288,1047040,0,1,11903800,11.369,2235406340681356245
maze_scrambled,rank_halve,524288,1047040,1,1,11853500,11.321,2235406340681356245
maze_scrambled,rank_halve,524288,1047040,2,1,11836200,11.3044,2235406340681356245
maze_scrambled,rank_halve,524288,1047040,3,1,11656300,11.1326,2235406340681356245
maze_scrambled,rank_halve,524288,1047040,4,1,11779700,11.2505,2235406340681356245
maze_scrambled,rank_halve,524288,1047040,5,1,11807300,11.2768,2235406340681356245
maze_scrambled,rank_halve,524288,1047040,6,1,11796300,11.2663,2235406340681356245
maze_scrambled,size_none,524288,1047040,0,1,20028700,19.1289,2235406340681356245
maze_scrambled,size_none,524288,1047040,1,1,20372000,19.4568,2235406340681356245
maze_scrambled,size_none,524288,1047040,2,1,19789100,18.9,2235406340681356245
maze_scrambled,size_none,524288,1047040,3,1,20049400,19.1486,2235406340681356245
maze_scrambled,size_none,524288,1047040,4,1,20151500,19.2462,2235406340681356245
maze_scrambled,size_none,524288,1047040,5,1,20178700,19.2721,2235406340681356245
maze_scrambled,size_none,524288,1047040,6,1,20314100,19.4015,2235406340681356245
maze_scrambled,size_compress,524288,1047040,0,1,12701800,12.1312,2235406340681356245
maze_scrambled,size_compress,524288,1047040,1,1,12821100,12.2451,2235406340681356245
maze_scrambled,size_compress,524288,1047040,2,1,12586800,12.0213,2235406340681356245
maze_scrambled,size_compress,524288,1047040,3,1,12862900,12.285,2235406340681356245
maze_scrambled,size_compress,524288,1047040,4,1,12538400,11.9751,2235406340681356245
maze_scrambled,size_compress,524288,1047040,5,1,12516300,11.954,2235406340681356245
maze_scrambled,size_compress,524288,1047040,6,1,12228400,11.679,2235406340681356245
maze_scrambled,size_halve,524288,1047040,0,1,10514300,10.0419,2235406340681356245
maze_scrambled,size_halve,524288,1047040,1,1,10642300,10.1642,2235406340681356245
maze_scrambled,size_halve,524288,1047040,2,1,11395500,10.8835,2235406340681356245
maze_scrambled,size_halve,524288,1047040,3,1,10563000,10.0884,2235406340681356245
maze_scrambled,size_halve,524288,1047040,4,1,10577200,10.102,2235406340681356245
maze_scrambled,size_halve,524288,1047040,5,1,10446100,9.97679,2235406340681356245
maze_scrambled,size_halve,524288,1047040,6,1,10517600,10.0451,2235406340681356245
maze_scrambled,naive_compress,1048576,2095104,0,1,43540100,20.7818,506728551513925935
maze_scrambled,naive_compress,1048576,2095104,1,1,44169300,21.0822,506728551513925935
maze_scrambled,naive_compress,1048576,2095104,2,1,44729700,21.3496,506728551513925935
maze_scrambled,naive_compress,1048576,2095104,3,1,44011800,21.007,506728551513925935
maze_scrambled,naive_compress,1048576,2095104,4,1,44911900,21.4366,506728551513925935
maze_scrambled,naive_compress,1048576,2095104,5,1,44505800,21.2428,506728551513925935
maze_scrambled,naive_compress,1048576,2095104,6,1,44236400,21.1142,506728551513925935
maze_scrambled,naive_halve,1048576,2095104,0,1,47018800,22.4422,506728551513925935
maze_scrambled,naive_halve,1048576,2095104,1,1,46469300,22.1799,506728551513925935
maze_scrambled,naive_halve,1048576,2095104,2,1,47339500,22.5953,506728551513925935
maze_scrambled,naive_halve,1048576,2095104,3,1,46861700,22.3672,506728551513925935
maze_scrambled,naive_halve,1048576,2095104,4,1,46630500,22.2569,506728551513925935
maze_scrambled,naive_halve,1048576,2095104,5,1,46359100,22.1274,506728551513925935
maze_scrambled,naive_halve,1048576,2095104,6,1,46702500,22.2913,506728551513925935
maze_scrambled,rank_none,1048576,2095104,0,1,49110200,23.4405,506728551513925935
maze_scrambled,rank_none,1048576,2095104,1,1,49663500,23.7046,506728551513925935
maze_scrambled,rank_none,1048576,2095104,2,1,49399600,23.5786,506728551513925935
maze_scrambled,rank_none,1048576,2095104,3,1,51757200,24.7039,506728551513925935
maze_scrambled,rank_none,1048576,2095104,4,1,48561200,23.1784,506728551513925935
maze_scrambled,rank_none,1048576,2095104,5,1,49224900,23.4952,506728551513925935
maze_scrambled,rank_none,1048576,2095104,6,1,49107900,23.4394,506728551513925935
maze_scrambled,rank_compress,1048576,2095104,0,1,31871300,15.2123,506728551513925935
maze_scrambled,rank_compress,1048576,2095104,1,1,29990800,14.3147,506728551513925935
maze_scrambled,rank_compress,1048576,2095104,2,1,29928100,14.2848,506728551513925935
maze_scrambled,rank_compress,1048576,2095104,3,1,30684800,14.646,506728551513925935
maze_scrambled,rank_compress,1048576,2095104,4,1,30003300,14.3207,506728551513925935
maze_scrambled,rank_compress,1048576,2095104,5,1,30311000,14.4675,506728551513925935
maze_scrambled,rank_compress,1048576,2095104,6,1,29775800,14.2121,506728551513925935
maze_scrambled,rank_halve,1048576,2095104,0,1,26473900,12.6361,506728551513925935
maze_scrambled,rank_halve,1048576,2095104,1,1,26380300,12.5914,506728551513925935
maze_scrambled,rank_halve,1048576,2095104,2,1,27594500,13.1709,506728551513925935
maze_scrambled,rank_halve,1048576,2095104,3,1,27058300,12.915,506728551513925935
maze_scrambled,rank_halve,1048576,2095104,4,1,27013800,12.8938,506728551513925935
maze_scrambled,rank_halve,1048576,2095104,5,1,26835400,12.8086,506728551513925935
maze_scrambled,rank_halve,1048576,2095104,6,1,26588400,12.6907,506728551513925935
maze_scrambled,size_none,1048576,2095104,0,1,44512300,21.2459,506728551513925935
maze_scrambled,size_none,1048576,2095104,1,1,44602300,21.2888,506728551513925935
maze_scrambled,size_none,1048576,2095104,2,1,44067300,21.0335,506728551513925935
maze_scrambled,size_none,1048576,2095104,3,1,45632000,21.7803,506728551513925935
maze_scrambled,size_none,1048576,2095104,4,1,44801300,21.3838,506728551513925935
maze_scrambled,size_none,1048576,2095104,5,1,44658500,21.3156,506728551513925935
maze_scrambled,size_none,1048576,2095104,6,1,45444600,21.6909,506728551513925935
maze_scrambled,size_compress,1048576,2095104,0,1,28614300,13.6577,506728551513925935
maze_scrambled,size_compress,1048576,2095104,1,1,27026200,12.8997,506728551513925935
maze_scrambled,size_compress,1048576,2095104,2,1,27343100,13.051,506728551513925935
maze_scrambled,size_compress,1048576,2095104,3,1,26795200,12.7894,506728551513925935
maze_scrambled,size_compress,1048576,2095104,4,1,27888100,13.3111,506728551513925935
maze_scrambled,size_compress,1048576,2095104,5,1,28047800,13.3873,506728551513925935
maze_scrambled,size_compress,1048576,2095104,6,1,28480400,13.5938,506728551513925935
maze_scrambled,size_halve,1048576,2095104,0,1,23528000,11.23,506728551513925935
maze_scrambled,size_halve,1048576,2095104,1,1,23751200,11.3365,506728551513925935
maze_scrambled,size_halve,1048576,2095104,2,1,24386800,11.6399,506728551513925935
maze_scrambled,size_halve,1048576,2095104,3,1,23810600,11.3649,506728551513925935
maze_scrambled,size_halve,1048576,2095104,4,1,23450300,11.1929,506728551513925935
maze_scrambled,size_halve,1048576,2095104,5,1,24462300,11.6759,506728551513925935
maze_scrambled,size_halve,1048576,2095104,6,1,23608400,11.2684,506728551513925935
maze_scrambled,naive_compress,2097152,4191232,0,1,114886900,27.4112,1423295404568163563
maze_scrambled,naive_compress,2097152,4191232,1,1,109068200,26.0229,1423295404568163563
maze_scrambled,naive_compress,2097152,4191232,2,1,102203800,24.3851,1423295404568163563
maze_scrambled,naive_compress,2097152,4191232,3,1,100900900,24.0743,1423295404568163563
maze_scrambled,naive_compress,2097152,4191232,4,1,99624300,23.7697,1423295404568163563
maze_scrambled,naive_compress,2097152,4191232,5,1,99944400,23.8461,1423295404568163563
maze_scrambled,naive_compress,2097152,4191232,6,1,99129400,23.6516,1423295404568163563
maze_scrambled,naive_halve,2097152,4191232,0,1,110854200,26.4491,1423295404568163563
maze_scrambled,naive_halve,2097152,4191232,1,1,109910600,26.2239,1423295404568163563
maze_scrambled,naive_halve,2097152,4191232,2,1,113253100,27.0214,1423295404568163563
maze_scrambled,naive_halve,2097152,4191232,3,1,110053600,26.2581,1423295404568163563
maze_scrambled,naive_halve,2097152,4191232,4,1,110411000,26.3433,1423295404568163563
maze_scrambled,naive_halve,2097152,4191232,5,1,110514400,26.368,1423295404568163563
maze_scrambled,naive_halve,2097152,4191232,6,1,113089000,26.9823,1423295404568163563
maze_scrambled,rank_none,2097152,4191232,0,1,122683400,29.2714,1423295404568163563
maze_scrambled,rank_none,2097152,4191232,1,1,122670100,29.2683,1423295404568163563
maze_scrambled,rank_none,2097152,4191232,2,1,136143000,32.4828,1423295404568163563
maze_scrambled,rank_none,2097152,4191232,3,1,121298500,28.941,1423295404568163563
maze_scrambled,rank_none,2097152,4191232,4,1,121622900,29.0184,1423295404568163563
maze_scrambled,rank_none,2097152,4191232,5,1,116866800,27.8836,1423295404568163563
maze_scrambled,rank_none,2097152,4191232,6,1,124217600,29.6375,1423295404568163563
maze_scrambled,rank_compress,2097152,4191232,0,1,77199300,18.4192,1423295404568163563
maze_scrambled,rank_compress,2097152,4191232,1,1,79973700,19.0812,1423295404568163563
maze_scrambled,rank_compress,2097152,4191232,2,1,85264700,20.3436,1423295404568163563
maze_scrambled,rank_compress,2097152,4191232,3,1,75621400,18.0428,1423295404568163563
maze_scrambled,rank_compress,2097152,4191232,4,1,78685800,18.7739,1423295404568163563
maze_scrambled,rank_compress,2097152,4191232,5,1,78212500,18.661,1423295404568163563
maze_scrambled,rank_compress,2097152,4191232,6,1,80058900,19.1015,1423295404568163563
maze_scrambled,rank_halve,2097152,4191232,0,1,75429800,17.997,1423295404568163563
maze_scrambled,rank_halve,2097152,4191232,1,1,87092400,20.7797,1423295404568163563
maze_scrambled,rank_halve,2097152,4191232,2,1,80747600,19.2658,1423295404568163563
maze_scrambled,rank_halve,2097152,4191232,3,1,78721000,18.7823,1423295404568163563
maze_scrambled,rank_halve,2097152,4191232,4,1,74459800,17.7656,1423295404568163563
maze_scrambled,rank_halve,2097152,4191232,5,1,77111600,18.3983,1423295404568163563
maze_scrambled,rank_halve,2097152,4191232,6,1,71950500,17.1669,1423295404568163563
maze_scrambled,size_none,2097152,4191232,0,1,109706800,26.1753,1423295404568163563
maze_scrambled,size_none,2097152,4191232,1,1,109437900,26.1112,1423295404568163563
maze_scrambled,size_none,2097152,4191232,2,1,106965200,25.5212,1423295404568163563
maze_scrambled,size_none,2097152,4191232,3,1,111383300,26.5753,1423295404568163563
maze_scrambled,size_none,2097152,4191232,4,1,109216400,26.0583,1423295404568163563
maze_scrambled,size_none,2097152,4191232,5,1,117859000,28.1204,1423295404568163563
maze_scrambled,size_none,2097152,4191232,6,1,110750500,26.4243,1423295404568163563
maze_scrambled,size_compress,2097152,4191232,0,1,72519800,17.3027,1423295404568163563
maze_scrambled,size_compress,2097152,4191232,1,1,74740200,17.8325,1423295404568163563
maze_scrambled,size_compress,2097152,4191232,2,1,73819900,17.6129,1423295404568163563
maze_scrambled,size_compress,2097152,4191232,3,1,74821500,17.8519,1423295404568163563
maze_scrambled,size_compress,2097152,4191232,4,1,74544700,17.7859,1423295404568163563
maze_scrambled,size_compress,2097152,4191232,5,1,71166300,16.9798,1423295404568163563
maze_scrambled,size_compress,2097152,4191232,6,1,71274100,17.0055,1423295404568163563
maze_scrambled,size_halve,2097152,4191232,0,1,72106300,17.2041,1423295404568163563
maze_scrambled,size_halve,2097152,4191232,1,1,67230000,16.0406,1423295404568163563
maze_scrambled,size_halve,2097152,4191232,2,1,64964300,15.5,1423295404568163563
maze_scrambled,size_halve,2097152,4191232,3,1,66538400,15.8756,1423295404568163563
maze_scrambled,size_halve,2097152,4191232,4,1,65188600,15.5536,1423295404568163563
maze_scrambled,size_halve,2097152,4191232,5,1,65001900,15.509,1423295404568163563
maze_scrambled,size_halve,2097152,4191232,6,1,94939900,22.652,1423295404568163563
maze_scrambled,naive_compress,4194304,8384512,0,1,348649700,41.5826,2756799595761001847
maze_scrambled,naive_compress,4194304,8384512,1,1,297604000,35.4945,2756799595761001847
maze_scrambled,naive_compress,4194304,8384512,2,1,373517300,44.5485,2756799595761001847
maze_scrambled,naive_compress,4194304,8384512,3,1,391996400,46.7524,2756799595761001847
maze_scrambled,naive_compress,4194304,8384512,4,1,347246800,41.4153,2756799595761001847
maze_scrambled,naive_compress,4194304,8384512,5,1,301695800,35.9825,2756799595761001847
maze_scrambled,naive_compress,4194304,8384512,6,1,307419100,36.6651,2756799595761001847
maze_scrambled,naive_halve,4194304,8384512,0,1,377695500,45.0468,2756799595761001847
maze_scrambled,naive_halve,4194304,8384512,1,1,342207800,40.8143,2756799595761001847
maze_scrambled,naive_halve,4194304,8384512,2,1,349809800,41.7209,2756799595761001847
maze_scrambled,naive_halve,4194304,8384512,3,1,350717700,41.8292,2756799595761001847
maze_scrambled,naive_halve,4194304,8384512,4,1,361529700,43.1188,2756799595761001847
maze_scrambled,naive_halve,4194304,8384512,5,1,449533400,53.6147,2756799595761001847
maze_scrambled,naive_halve,4194304,8384512,6,1,395029200,47.1142,2756799595761001847
maze_scrambled,rank_none,4194304,8384512,0,1,471633000,56.2505,2756799595761001847
maze_scrambled,rank_none,4194304,8384512,1,1,433420500,51.693,2756799595761001847
maze_scrambled,rank_none,4194304,8384512,2,1,483688500,57.6883,2756799595761001847
maze_scrambled,rank_none,4194304,8384512,3,1,448816300,53.5292,2756799595761001847
maze_scrambled,rank_none,4194304,8384512,4,1,405085400,48.3135,2756799595761001847
maze_scrambled,rank_none,4194304,8384512,5,1,392064100,46.7605,2756799595761001847
maze_scrambled,rank_none,4194304,8384512,6,1,381202600,45.4651,2756799595761001847
maze_scrambled,rank_compress,4194304,8384512,0,1,281410600,33.5631,2756799595761001847
maze_scrambled,rank_compress,4194304,8384512,1,1,270975000,32.3185,2756799595761001847
maze_scrambled,rank_compress,4194304,8384512,2,1,265713200,31.691,2756799595761001847
maze_scrambled,rank_compress,4194304,8384512,3,1,271090000,32.3322,2756799595761001847
maze_scrambled,rank_compress,4194304,8384512,4,1,264753400,31.5765,2756799595761001847
maze_scrambled,rank_compress,4194304,8384512,5,1,265526500,31.6687,2756799595761001847
maze_scrambled,rank_compress,4194304,8384512,6,1,261290900,31.1635,2756799595761001847
maze_scrambled,rank_halve,4194304,8384512,0,1,265009100,31.607,2756799595761001847
maze_scrambled,rank_halve,4194304,8384512,1,1,285093000,34.0023,2756799595761001847
maze_scrambled,rank_halve,4194304,8384512,2,1,302090600,36.0296,2756799595761001847
maze_scrambled,rank_halve,4194304,8384512,3,1,273064000,32.5677,2756799595761001847
maze_scrambled,rank_halve,4194304,8384512,4,1,257551300,30.7175,2756799595761001847
maze_scrambled,rank_halve,4194304,8384512,5,1,275363100,32.8419,2756799595761001847
maze_scrambled,rank_halve,4194304,8384512,6,1,264230700,31.5141,2756799595761001847
maze_scrambled,size_none,4194304,8384512,0,1,333944000,39.8287,2756799595761001847
maze_scrambled,size_none,4194304,8384512,1,1,333908700,39.8245,2756799595761001847
maze_scrambled,size_none,4194304,8384512,2,1,339015900,40.4336,2756799595761001847
maze_scrambled,size_none,4194304,8384512,3,1,363890200,43.4003,2756799595761001847
maze_scrambled,size_none,4194304,8384512,4,1,392214300,46.7784,2756799595761001847
maze_scrambled,size_none,4194304,8384512,5,1,386941100,46.1495,2756799595761001847
maze_scrambled,size_none,4194304,8384512,6,1,339379000,40.4769,2756799595761001847
maze_scrambled,size_compress,4194304,8384512,0,1,282542100,33.6981,2756799595761001847
maze_scrambled,size_compress,4194304,8384512,1,1,279112800,33.2891,2756799595761001847
maze_scrambled,size_compress,4194304,8384512,2,1,285338400,34.0316,2756799595761001847
maze_scrambled,size_compress,4194304,8384512,3,1,295158600,35.2028,2756799595761001847
maze_scrambled,size_compress,4194304,8384512,4,1,264254900,31.517,2756799595761001847
maze_scrambled,size_compress,4194304,8384512,5,1,261234700,31.1568,2756799595761001847
maze_scrambled,size_compress,4194304,8384512,6,1,286269100,34.1426,2756799595761001847
maze_scrambled,size_halve,4194304,8384512,0,1,248343100,29.6193,2756799595761001847
maze_scrambled,size_halve,4194304,8384512,1,1,261437100,31.181,2756799595761001847
maze_scrambled,size_halve,4194304,8384512,2,1,253593000,30.2454,2756799595761001847
maze_scrambled,size_halve,4194304,8384512,3,1,255925400,30.5236,2756799595761001847
maze_scrambled,size_halve,4194304,8384512,4,1,257458900,30.7065,2756799595761001847
maze_scrambled,size_halve,4194304,8384512,5,1,252226100,30.0824,2756799595761001847
maze_scrambled,size_halve,4194304,8384512,6,1,251196900,29.9596,2756799595761001847
maze_scrambled,naive_compress,8388608,16771072,0,1,1273956700,75.9616,1747239293001817183
maze_scrambled,naive_compress,8388608,16771072,1,1,1344764400,80.1836,1747239293001817183
maze_scrambled,naive_compress,8388608,16771072,2,1,1293552400,77.13,1747239293001817183
maze_scrambled,naive_compress,8388608,16771072,3,1,1301161600,77.5837,1747239293001817183
maze_scrambled,naive_compress,8388608,16771072,4,1,1324511900,78.976,1747239293001817183
maze_scrambled,naive_compress,8388608,16771072,5,1,1310186200,78.1218,1747239293001817183
maze_scrambled,naive_compress,8388608,16771072,6,1,1303621700,77.7304,1747239293001817183
maze_scrambled,naive_halve,8388608,16771072,0,1,1895482600,113.021,1747239293001817183
maze_scrambled,naive_halve,8388608,16771072,1,1,1658572300,98.8948,1747239293001817183
maze_scrambled,naive_halve,8388608,16771072,2,1,1580232100,94.2237,1747239293001817183
maze_scrambled,naive_halve,8388608,16771072,3,1,1526938400,91.046,1747239293001817183
maze_scrambled,naive_halve,8388608,16771072,4,1,1628008100,97.0724,1747239293001817183
maze_scrambled,naive_halve,8388608,16771072,5,1,1501841700,89.5495,1747239293001817183
maze_scrambled,naive_halve,8388608,16771072,6,1,1630498600,97.2209,1747239293001817183
maze_scrambled,rank_none,8388608,16771072,0,1,1135847500,67.7266,1747239293001817183
maze_scrambled,rank_none,8388608,16771072,1,1,1146979200,68.3903,1747239293001817183
maze_scrambled,rank_none,8388608,16771072,2,1,1175469000,70.0891,1747239293001817183
maze_scrambled,rank_none,8388608,16771072,3,1,1140360000,67.9957,1747239293001817183
maze_scrambled,rank_none,8388608,16771072,4,1,1120441600,66.808,1747239293001817183
maze_scrambled,rank_none,8388608,16771072,5,1,1213996500,72.3863,1747239293001817183
maze_scrambled,rank_none,8388608,16771072,6,1,1175735500,70.105,1747239293001817183
maze_scrambled,rank_compress,8388608,16771072,0,1,798824000,47.6311,1747239293001817183
maze_scrambled,rank_compress,8388608,16771072,1,1,798321000,47.6011,1747239293001817183
maze_scrambled,rank_compress,8388608,16771072,2,1,788831200,47.0352,1747239293001817183
maze_scrambled,rank_compress,8388608,16771072,3,1,775557800,46.2438,1747239293001817183
maze_scrambled,rank_compress,8388608,16771072,4,1,769776900,45.8991,1747239293001817183
maze_scrambled,rank_compress,8388608,16771072,5,1,799355800,47.6628,1747239293001817183
maze_scrambled,rank_compress,8388608,16771072,6,1,790146100,47.1136,1747239293001817183
maze_scrambled,rank_halve,8388608,16771072,0,1,865897200,51.6304,1747239293001817183
maze_scrambled,rank_halve,8388608,16771072,1,1,872019500,51.9955,1747239293001817183
maze_scrambled,rank_halve,8388608,16771072,2,1,815817500,48.6443,1747239293001817183
maze_scrambled,rank_halve,8388608,16771072,3,1,807067600,48.1226,1747239293001817183
maze_scrambled,rank_halve,8388608,16771072,4,1,832987600,49.6681,1747239293001817183
maze_scrambled,rank_halve,8388608,16771072,5,1,824951400,49.1889,1747239293001817183
maze_scrambled,rank_halve,8388608,16771072,6,1,829955200,49.4873,1747239293001817183
maze_scrambled,size_none,8388608,16771072,0,1,1157060300,68.9914,1747239293001817183
maze_scrambled,size_none,8388608,16771072,1,1,1173194400,69.9535,1747239293001817183
maze_scrambled,size_none,8388608,16771072,2,1,1146477900,68.3604,1747239293001817183
maze_scrambled,size_none,8388608,16771072,3,1,1097110000,65.4168,1747239293001817183
maze_scrambled,size_none,8388608,16771072,4,1,1045251900,62.3247,1747239293001817183
maze_scrambled,size_none,8388608,16771072,5,1,1054112100,62.853,1747239293001817183
maze_scrambled,size_none,8388608,16771072,6,1,1088051900,64.8767,1747239293001817183
maze_scrambled,size_compress,8388608,16771072,0,1,785927300,46.8621,1747239293001817183
maze_scrambled,size_compress,8388608,16771072,1,1,793160500,47.2934,1747239293001817183
maze_scrambled,size_compress,8388608,16771072,2,1,788150800,46.9947,1747239293001817183
maze_scrambled,size_compress,8388608,16771072,3,1,795429500,47.4287,1747239293001817183
maze_scrambled,size_compress,8388608,16771072,4,1,780133200,46.5166,1747239293001817183
maze_scrambled,size_compress,8388608,16771072,5,1,799123000,47.6489,1747239293001817183
maze_scrambled,size_compress,8388608,16771072,6,1,850709500,50.7248,1747239293001817183
maze_scrambled,size_halve,8388608,16771072,0,1,856706100,51.0824,1747239293001817183
maze_scrambled,size_halve,8388608,16771072,1,1,842942000,50.2617,1747239293001817183
maze_scrambled,size_halve,8388608,16771072,2,1,848044200,50.5659,1747239293001817183
maze_scrambled,size_halve,8388608,16771072,3,1,843826200,50.3144,1747239293001817183
maze_scrambled,size_halve,8388608,16771072,4,1,846338900,50.4642,1747239293001817183
maze_scrambled,size_halve,8388608,16771072,5,1,843112000,50.2718,1747239293001817183
maze_scrambled,size_halve,8388608,16771072,6,1,855482600,51.0094,1747239293001817183
maze_scrambled,naive_compress,16777216,33546240,0,1,3671418000,109.444,10147772773238733017
maze_scrambled,naive_compress,16777216,33546240,1,1,3637480900,108.432,10147772773238733017
maze_scrambled,naive_compress,16777216,33546240,2,1,3621123600,107.944,10147772773238733017
maze_scrambled,naive_compress,16777216,33546240,3,1,3561853300,106.177,10147772773238733017
maze_scrambled,naive_compress,16777216,33546240,4,1,3497031000,104.245,10147772773238733017
maze_scrambled,naive_compress,16777216,33546240,5,1,3803302300,113.375,10147772773238733017
maze_scrambled,naive_compress,16777216,33546240,6,1,3472089300,103.502,10147772773238733017
maze_scrambled,naive_halve,16777216,33546240,0,1,4767248600,142.11,10147772773238733017
maze_scrambled,naive_halve,16777216,33546240,1,1,4675230200,139.367,10147772773238733017
maze_scrambled,naive_halve,16777216,33546240,2,1,4718249400,140.649,10147772773238733017
maze_scrambled,naive_halve,16777216,33546240,3,1,4871516200,145.218,10147772773238733017
maze_scrambled,naive_halve,16777216,33546240,4,1,4649008700,138.585,10147772773238733017
maze_scrambled,naive_halve,16777216,33546240,5,1,4785399000,142.651,10147772773238733017
maze_scrambled,naive_halve,16777216,33546240,6,1,4645328000,138.475,10147772773238733017
maze_scrambled,rank_none,16777216,33546240,0,1,3021656900,90.0744,10147772773238733017
maze_scrambled,rank_none,16777216,33546240,1,1,3054066000,91.0405,10147772773238733017
maze_scrambled,rank_none,16777216,33546240,2,1,3048784900,90.8831,10147772773238733017
maze_scrambled,rank_none,16777216,33546240,3,1,3013854000,89.8418,10147772773238733017
maze_scrambled,rank_none,16777216,33546240,4,1,2990193700,89.1365,10147772773238733017
maze_scrambled,rank_none,16777216,33546240,5,1,3094895200,92.2576,10147772773238733017
maze_scrambled,rank_none,16777216,33546240,6,1,3074750100,91.6571,10147772773238733017
maze_scrambled,rank_compress,16777216,33546240,0,1,1906085100,56.8196,10147772773238733017
maze_scrambled,rank_compress,16777216,33546240,1,1,1895689500,56.5097,10147772773238733017
maze_scrambled,rank_compress,16777216,33546240,2,1,1900059400,56.64,10147772773238733017
maze_scrambled,rank_compress,16777216,33546240,3,1,1898035900,56.5797,10147772773238733017
maze_scrambled,rank_compress,16777216,33546240,4,1,1926747200,57.4356,10147772773238733017
maze_scrambled,rank_compress,16777216,33546240,5,1,1952254000,58.1959,10147772773238733017
maze_scrambled,rank_compress,16777216,33546240,6,1,2031617000,60.5617,10147772773238733017
maze_scrambled,rank_halve,16777216,33546240,0,1,2005158400,59.773,10147772773238733017
maze_scrambled,rank_halve,16777216,33546240,1,1,2061120200,61.4412,10147772773238733017
maze_scrambled,rank_halve,16777216,33546240,2,1,2006026400,59.7988,10147772773238733017
maze_scrambled,rank_halve,16777216,33546240,3,1,2001291700,59.6577,10147772773238733017
maze_scrambled,rank_halve,16777216,33546240,4,1,2004405400,59.7505,10147772773238733017
maze_scrambled,rank_halve,16777216,33546240,5,1,1998967800,59.5884,10147772773238733017
maze_scrambled,rank_halve,16777216,33546240,6,1,2037249600,60.7296,10147772773238733017
maze_scrambled,size_none,16777216,33546240,0,1,2802492700,83.5412,10147772773238733017
maze_scrambled,size_none,16777216,33546240,1,1,2760195200,82.2803,10147772773238733017
maze_scrambled,size_none,16777216,33546240,2,1,2747305700,81.8961,10147772773238733017
maze_scrambled,size_none,16777216,33546240,3,1,2745890700,81.8539,10147772773238733017
maze_scrambled,size_none,16777216,33546240,4,1,2738353100,81.6292,10147772773238733017
maze_scrambled,size_none,16777216,33546240,5,1,2822602900,84.1407,10147772773238733017
maze_scrambled,size_none,16777216,33546240,6,1,2823121900,84.1561,10147772773238733017
maze_scrambled,size_compress,16777216,33546240,0,1,1899613500,56.6267,10147772773238733017
maze_scrambled,size_compress,16777216,33546240,1,1,1881677800,56.0921,10147772773238733017
maze_scrambled,size_compress,16777216,33546240,2,1,1917791800,57.1686,10147772773238733017
maze_scrambled,size_compress,16777216,33546240,3,1,1919665900,57.2245,10147772773238733017
maze_scrambled,size_compress,16777216,33546240,4,1,1883046900,56.1329,10147772773238733017
maze_scrambled,size_compress,16777216,33546240,5,1,1879674100,56.0323,10147772773238733017
maze_scrambled,size_compress,16777216,33546240,6,1,1898251900,56.5861,10147772773238733017
maze_scrambled,size_halve,16777216,33546240,0,1,1978912100,58.9906,10147772773238733017
maze_scrambled,size_halve,16777216,33546240,1,1,1994185200,59.4459,10147772773238733017
maze_scrambled,size_halve,16777216,33546240,2,1,2030964100,60.5422,10147772773238733017
maze_scrambled,size_halve,16777216,33546240,3,1,1996169600,59.505,10147772773238733017
maze_scrambled,size_halve,16777216,33546240,4,1,2061693200,61.4582,10147772773238733017
maze_scrambled,size_halve,16777216,33546240,5,1,1976833900,58.9286,10147772773238733017
maze_scrambled,size_halve,16777216,33546240,6,1,1967954600,58.6639,10147772773238733017
